,files,onsets,offsets,labels,durations
0,G402_43362.23322048_9_19_6_28_42.wav,0.0,0.0,file_start,
0,G402_43362.23322048_9_19_6_28_42.wav,0.16600907,0.225170068,i,
1,G402_43362.23322048_9_19_6_28_42.wav,0.321043084,0.385827664,i,
2,G402_43362.23322048_9_19_6_28_42.wav,0.570294785,0.62675737,i,
3,G402_43362.23322048_9_19_6_28_42.wav,0.690362812,0.751836735,i,
4,G402_43362.23322048_9_19_6_28_42.wav,0.828390023,0.898911565,i,
5,G402_43362.23322048_9_19_6_28_42.wav,0.965464853,1.02015873,i,
6,G402_43362.23322048_9_19_6_28_42.wav,1.047437642,1.105827664,a,
7,G402_43362.23322048_9_19_6_28_42.wav,1.120294785,1.297619048,b,
8,G402_43362.23322048_9_19_6_28_42.wav,1.334603175,1.424036281,c,
9,G402_43362.23322048_9_19_6_28_42.wav,1.446145125,1.602517007,d,
9,G402_43362.23322048_9_19_6_28_42.wav,1.602517007,3.5831519274376418,silent_gap,1.9806349204376417
1,G402_43362.23322048_9_19_6_28_42.wav,3.5831519274376418,3.5831519274376418,file_end,
0,G402_43362.23349517_9_19_6_29_9.wav,0.0,0.0,file_start,
10,G402_43362.23349517_9_19_6_29_9.wav,0.118163265,0.17845805,i,
11,G402_43362.23349517_9_19_6_29_9.wav,0.2561678,0.320181406,i,
12,G402_43362.23349517_9_19_6_29_9.wav,0.40723356,0.467278912,i,
13,G402_43362.23349517_9_19_6_29_9.wav,0.651451247,0.711473923,i,
14,G402_43362.23349517_9_19_6_29_9.wav,0.796077098,0.851882086,i,
15,G402_43362.23349517_9_19_6_29_9.wav,0.894648526,0.950249433,i,
16,G402_43362.23349517_9_19_6_29_9.wav,0.974081633,1.038049887,a,
17,G402_43362.23349517_9_19_6_29_9.wav,1.047687075,1.22414966,b,
18,G402_43362.23349517_9_19_6_29_9.wav,1.259251701,1.350566893,c,
19,G402_43362.23349517_9_19_6_29_9.wav,1.365260771,1.521020408,d,
20,G402_43362.23349517_9_19_6_29_9.wav,1.569319728,1.665328798,e,
20,G402_43362.23349517_9_19_6_29_9.wav,1.665328798,1.8887301587301588,silent_gap,0.22340136073015882
1,G402_43362.23349517_9_19_6_29_9.wav,1.8887301587301588,1.8887301587301588,file_end,
0,G402_43362.23357366_9_19_6_29_17.wav,0.0,0.0,file_start,
0,G402_43362.23357366_9_19_6_29_17.wav,0.0,0.421587302,silent_gap,0.421587302
21,G402_43362.23357366_9_19_6_29_17.wav,0.421587302,0.480294785,i,
22,G402_43362.23357366_9_19_6_29_17.wav,0.541201814,0.604126984,i,
23,G402_43362.23357366_9_19_6_29_17.wav,0.729183673,0.790770975,i,
24,G402_43362.23357366_9_19_6_29_17.wav,0.836530612,0.886848073,i,
25,G402_43362.23357366_9_19_6_29_17.wav,0.918730159,0.979727891,a,
26,G402_43362.23357366_9_19_6_29_17.wav,0.99031746,1.166439909,b,
27,G402_43362.23357366_9_19_6_29_17.wav,1.202539683,1.297936508,c,
28,G402_43362.23357366_9_19_6_29_17.wav,1.31015873,1.472335601,d,
28,G402_43362.23357366_9_19_6_29_17.wav,1.472335601,2.705895692,silent_gap,1.233560091
29,G402_43362.23357366_9_19_6_29_17.wav,2.705895692,2.765079365,i,
30,G402_43362.23357366_9_19_6_29_17.wav,2.843582766,2.904285714,i,
31,G402_43362.23357366_9_19_6_29_17.wav,2.988707483,3.040634921,i,
32,G402_43362.23357366_9_19_6_29_17.wav,3.067256236,3.127278912,a,
33,G402_43362.23357366_9_19_6_29_17.wav,3.141020408,3.31553288,b,
34,G402_43362.23357366_9_19_6_29_17.wav,3.351133787,3.441133787,c,
35,G402_43362.23357366_9_19_6_29_17.wav,3.459092971,3.609455782,d,
36,G402_43362.23357366_9_19_6_29_17.wav,3.671179138,3.756870748,e,
37,G402_43362.23357366_9_19_6_29_17.wav,3.774058957,3.90968254,f,
38,G402_43362.23357366_9_19_6_29_17.wav,3.965328798,4.022721088,a,
39,G402_43362.23357366_9_19_6_29_17.wav,4.037414966,4.218843537,b,
40,G402_43362.23357366_9_19_6_29_17.wav,4.252743764,4.346054422,c,
41,G402_43362.23357366_9_19_6_29_17.wav,4.355918367,4.513106576,d,
41,G402_43362.23357366_9_19_6_29_17.wav,4.513106576,4.846281179,silent_gap,0.3331746029999998
42,G402_43362.23357366_9_19_6_29_17.wav,4.846281179,4.901836735,i,
43,G402_43362.23357366_9_19_6_29_17.wav,5.060816327,5.118730159,i,
44,G402_43362.23357366_9_19_6_29_17.wav,5.148979592,5.208321995,a,
45,G402_43362.23357366_9_19_6_29_17.wav,5.221768707,5.397369615,b,
46,G402_43362.23357366_9_19_6_29_17.wav,5.433038549,5.526462585,c,
47,G402_43362.23357366_9_19_6_29_17.wav,5.540657596,5.699342404,d,
48,G402_43362.23357366_9_19_6_29_17.wav,5.767256236,5.856553288,e,
49,G402_43362.23357366_9_19_6_29_17.wav,5.870793651,6.005442177,f,
50,G402_43362.23357366_9_19_6_29_17.wav,6.068979592,6.130770975,a,
51,G402_43362.23357366_9_19_6_29_17.wav,6.142902494,6.325306122,b,
52,G402_43362.23357366_9_19_6_29_17.wav,6.356780045,6.443265306,c,
53,G402_43362.23357366_9_19_6_29_17.wav,6.462834467,6.624444444,d,
53,G402_43362.23357366_9_19_6_29_17.wav,6.624444444,7.057142857,silent_gap,0.4326984129999998
54,G402_43362.23357366_9_19_6_29_17.wav,7.057142857,7.114195011,i,
55,G402_43362.23357366_9_19_6_29_17.wav,7.175351474,7.229160998,i,
56,G402_43362.23357366_9_19_6_29_17.wav,7.252517007,7.313219955,a,
57,G402_43362.23357366_9_19_6_29_17.wav,7.331360544,7.506621315,b,
58,G402_43362.23357366_9_19_6_29_17.wav,7.545895692,7.632494331,c,
59,G402_43362.23357366_9_19_6_29_17.wav,7.650340136,7.806145125,d,
60,G402_43362.23357366_9_19_6_29_17.wav,7.868072562,7.950975057,e,
61,G402_43362.23357366_9_19_6_29_17.wav,7.977301587,8.113764172,f,
61,G402_43362.23357366_9_19_6_29_17.wav,8.113764172,8.47702947845805,silent_gap,0.3632653064580502
1,G402_43362.23357366_9_19_6_29_17.wav,8.47702947845805,8.47702947845805,file_end,
0,G402_43362.23370676_9_19_6_29_30.wav,0.0,0.0,file_start,
62,G402_43362.23370676_9_19_6_29_30.wav,4.54e-05,0.041768707,i,
63,G402_43362.23370676_9_19_6_29_30.wav,0.103945578,0.161156463,i,
64,G402_43362.23370676_9_19_6_29_30.wav,0.229614512,0.288344671,i,
65,G402_43362.23370676_9_19_6_29_30.wav,0.338548753,0.393356009,i,
66,G402_43362.23370676_9_19_6_29_30.wav,0.418888889,0.483605442,a,
67,G402_43362.23370676_9_19_6_29_30.wav,0.498072562,0.665873016,b,
68,G402_43362.23370676_9_19_6_29_30.wav,0.70521542,0.794331066,c,
69,G402_43362.23370676_9_19_6_29_30.wav,0.806689342,0.966122449,d,
69,G402_43362.23370676_9_19_6_29_30.wav,0.966122449,1.205600907,silent_gap,0.239478458
70,G402_43362.23370676_9_19_6_29_30.wav,1.205600907,1.259251701,g,
71,G402_43362.23370676_9_19_6_29_30.wav,1.407823129,1.461020408,i,
72,G402_43362.23370676_9_19_6_29_30.wav,1.485192744,1.544104308,a,
73,G402_43362.23370676_9_19_6_29_30.wav,1.558435374,1.741950113,b,
74,G402_43362.23370676_9_19_6_29_30.wav,1.774217687,1.863356009,c,
75,G402_43362.23370676_9_19_6_29_30.wav,1.879365079,2.032176871,d,
76,G402_43362.23370676_9_19_6_29_30.wav,2.088662132,2.177505669,e,
77,G402_43362.23370676_9_19_6_29_30.wav,2.201972789,2.338752834,d,
78,G402_43362.23370676_9_19_6_29_30.wav,2.396598639,2.457029478,a,
79,G402_43362.23370676_9_19_6_29_30.wav,2.469002268,2.65106576,b,
80,G402_43362.23370676_9_19_6_29_30.wav,2.682993197,2.775283447,c,
81,G402_43362.23370676_9_19_6_29_30.wav,2.788820862,2.951655329,d,
81,G402_43362.23370676_9_19_6_29_30.wav,2.951655329,3.57031746,silent_gap,0.6186621310000002
82,G402_43362.23370676_9_19_6_29_30.wav,3.57031746,3.629455782,g,
83,G402_43362.23370676_9_19_6_29_30.wav,3.793718821,3.850816327,i,
84,G402_43362.23370676_9_19_6_29_30.wav,3.900136054,3.954535147,i,
85,G402_43362.23370676_9_19_6_29_30.wav,3.983469388,4.044875283,a,
86,G402_43362.23370676_9_19_6_29_30.wav,4.059954649,4.233900227,b,
87,G402_43362.23370676_9_19_6_29_30.wav,4.273900227,4.361791383,c,
88,G402_43362.23370676_9_19_6_29_30.wav,4.377709751,4.531791383,d,
88,G402_43362.23370676_9_19_6_29_30.wav,4.531791383,4.895668934,silent_gap,0.36387755099999985
89,G402_43362.23370676_9_19_6_29_30.wav,4.895668934,4.957709751,i,
90,G402_43362.23370676_9_19_6_29_30.wav,4.998571429,5.04893424,i,
91,G402_43362.23370676_9_19_6_29_30.wav,5.079024943,5.136485261,i,
92,G402_43362.23370676_9_19_6_29_30.wav,5.163061224,5.222585034,a,
93,G402_43362.23370676_9_19_6_29_30.wav,5.236530612,5.41,b,
94,G402_43362.23370676_9_19_6_29_30.wav,5.449183673,5.546077098,c,
95,G402_43362.23370676_9_19_6_29_30.wav,5.558049887,5.72015873,d,
95,G402_43362.23370676_9_19_6_29_30.wav,5.72015873,5.950861678,silent_gap,0.23070294800000024
96,G402_43362.23370676_9_19_6_29_30.wav,6.005827664,7.02569161,silent_gap,1.019863946
97,G402_43362.23370676_9_19_6_29_30.wav,7.02569161,7.085147392,g,
98,G402_43362.23370676_9_19_6_29_30.wav,7.274739229,7.335011338,i,
99,G402_43362.23370676_9_19_6_29_30.wav,7.39521542,7.45170068,i,
100,G402_43362.23370676_9_19_6_29_30.wav,7.477573696,7.543696145,a,
101,G402_43362.23370676_9_19_6_29_30.wav,7.55478458,7.729183673,b,
102,G402_43362.23370676_9_19_6_29_30.wav,7.768390023,7.861201814,c,
103,G402_43362.23370676_9_19_6_29_30.wav,7.877687075,8.033424036,d,
104,G402_43362.23370676_9_19_6_29_30.wav,8.080340136,8.16984127,e,
105,G402_43362.23370676_9_19_6_29_30.wav,8.181723356,8.309546485,f,
105,G402_43362.23370676_9_19_6_29_30.wav,8.309546485,8.727981859,silent_gap,0.4184353739999995
106,G402_43362.23370676_9_19_6_29_30.wav,8.727981859,8.784943311,i,
107,G402_43362.23370676_9_19_6_29_30.wav,8.843333333,8.904217687,i,
108,G402_43362.23370676_9_19_6_29_30.wav,8.92723356,8.986281179,a,
109,G402_43362.23370676_9_19_6_29_30.wav,9.001927438,9.175555556,b,
110,G402_43362.23370676_9_19_6_29_30.wav,9.21861678,9.306235828,c,
111,G402_43362.23370676_9_19_6_29_30.wav,9.322335601,9.483628118,d,
112,G402_43362.23370676_9_19_6_29_30.wav,9.540793651,9.625646259,e,
113,G402_43362.23370676_9_19_6_29_30.wav,9.644920635,9.782879819,f,
114,G402_43362.23370676_9_19_6_29_30.wav,9.848684807,9.915124717,a,
115,G402_43362.23370676_9_19_6_29_30.wav,9.924943311,10.108322,b,
116,G402_43362.23370676_9_19_6_29_30.wav,10.14147392,10.22777778,c,
117,G402_43362.23370676_9_19_6_29_30.wav,10.24335601,10.4052381,d,
117,G402_43362.23370676_9_19_6_29_30.wav,10.4052381,10.8568254,silent_gap,0.4515872999999999
118,G402_43362.23370676_9_19_6_29_30.wav,10.91732426,11.38321995,silent_gap,0.46589569000000175
119,G402_43362.23370676_9_19_6_29_30.wav,11.38321995,11.43829932,i,
120,G402_43362.23370676_9_19_6_29_30.wav,11.49829932,11.55560091,i,
121,G402_43362.23370676_9_19_6_29_30.wav,11.58181406,11.63945578,a,
122,G402_43362.23370676_9_19_6_29_30.wav,11.65598639,11.839161,b,
123,G402_43362.23370676_9_19_6_29_30.wav,11.87045351,11.95972789,c,
124,G402_43362.23370676_9_19_6_29_30.wav,11.97192744,12.13238095,d,
125,G402_43362.23370676_9_19_6_29_30.wav,12.3214966,12.37748299,g,
125,G402_43362.23370676_9_19_6_29_30.wav,12.37748299,12.59839002,silent_gap,0.22090702999999934
126,G402_43362.23370676_9_19_6_29_30.wav,12.59839002,12.67947846,e,
127,G402_43362.23370676_9_19_6_29_30.wav,12.77845805,12.82623583,i,
128,G402_43362.23370676_9_19_6_29_30.wav,12.8544898,12.91897959,a,
129,G402_43362.23370676_9_19_6_29_30.wav,12.93077098,13.11294785,b,
130,G402_43362.23370676_9_19_6_29_30.wav,13.14791383,13.24031746,c,
131,G402_43362.23370676_9_19_6_29_30.wav,13.25714286,13.41369615,d,
131,G402_43362.23370676_9_19_6_29_30.wav,13.41369615,13.88278912,silent_gap,0.46909297000000016
132,G402_43362.23370676_9_19_6_29_30.wav,13.88278912,13.9454195,i,
133,G402_43362.23370676_9_19_6_29_30.wav,13.99122449,14.04984127,i,
134,G402_43362.23370676_9_19_6_29_30.wav,14.079161,14.1445805,a,
135,G402_43362.23370676_9_19_6_29_30.wav,14.15759637,14.33170068,b,
136,G402_43362.23370676_9_19_6_29_30.wav,14.371678,14.45081633,c,
136,G402_43362.23370676_9_19_6_29_30.wav,14.45081633,16.439727891156462,silent_gap,1.9889115611564616
1,G402_43362.23370676_9_19_6_29_30.wav,16.439727891156462,16.439727891156462,file_end,
0,G402_43362.23390659_9_19_6_29_50.wav,0.0,0.0,file_start,
0,G402_43362.23390659_9_19_6_29_50.wav,0.0,1.441428571,silent_gap,1.441428571
137,G402_43362.23390659_9_19_6_29_50.wav,1.441428571,1.502335601,i,
138,G402_43362.23390659_9_19_6_29_50.wav,1.555464853,1.621746032,i,
139,G402_43362.23390659_9_19_6_29_50.wav,1.669365079,1.730362812,i,
140,G402_43362.23390659_9_19_6_29_50.wav,1.782131519,1.837210884,i,
141,G402_43362.23390659_9_19_6_29_50.wav,1.862494331,1.923356009,a,
142,G402_43362.23390659_9_19_6_29_50.wav,1.936281179,2.117528345,b,
143,G402_43362.23390659_9_19_6_29_50.wav,2.157505669,2.247573696,c,
144,G402_43362.23390659_9_19_6_29_50.wav,2.258367347,2.414172336,d,
145,G402_43362.23390659_9_19_6_29_50.wav,2.467301587,2.552653061,e,
146,G402_43362.23390659_9_19_6_29_50.wav,2.573582766,2.704648526,f,
147,G402_43362.23390659_9_19_6_29_50.wav,2.76324263,2.825986395,a,
148,G402_43362.23390659_9_19_6_29_50.wav,2.838276644,3.017165533,b,
149,G402_43362.23390659_9_19_6_29_50.wav,3.054353741,3.149342404,c,
150,G402_43362.23390659_9_19_6_29_50.wav,3.158412698,3.31829932,d,
150,G402_43362.23390659_9_19_6_29_50.wav,3.31829932,3.597052154,silent_gap,0.27875283400000006
151,G402_43362.23390659_9_19_6_29_50.wav,3.597052154,3.65569161,g,
152,G402_43362.23390659_9_19_6_29_50.wav,3.825941043,3.885442177,i,
153,G402_43362.23390659_9_19_6_29_50.wav,3.909047619,3.9761678,a,
154,G402_43362.23390659_9_19_6_29_50.wav,3.984376417,4.164263039,b,
155,G402_43362.23390659_9_19_6_29_50.wav,4.199160998,4.291269841,c,
156,G402_43362.23390659_9_19_6_29_50.wav,4.308276644,4.465192744,d,
157,G402_43362.23390659_9_19_6_29_50.wav,4.525102041,4.613968254,e,
158,G402_43362.23390659_9_19_6_29_50.wav,4.631451247,4.769546485,f,
158,G402_43362.23390659_9_19_6_29_50.wav,4.769546485,5.502131519274377,silent_gap,0.7325850342743765
1,G402_43362.23390659_9_19_6_29_50.wav,5.502131519274377,5.502131519274377,file_end,
0,G402_43362.23400788_9_19_6_30_0.wav,0.0,0.0,file_start,
159,G402_43362.23400788_9_19_6_30_0.wav,4.54e-05,0.057664399,i,
160,G402_43362.23400788_9_19_6_30_0.wav,0.113560091,0.174263039,i,
161,G402_43362.23400788_9_19_6_30_0.wav,0.238117914,0.300090703,i,
162,G402_43362.23400788_9_19_6_30_0.wav,0.378049887,0.431247166,i,
163,G402_43362.23400788_9_19_6_30_0.wav,0.457505669,0.51952381,a,
164,G402_43362.23400788_9_19_6_30_0.wav,0.532403628,0.707346939,b,
165,G402_43362.23400788_9_19_6_30_0.wav,0.745600907,0.832811791,c,
166,G402_43362.23400788_9_19_6_30_0.wav,0.843560091,1.001111111,d,
167,G402_43362.23400788_9_19_6_30_0.wav,1.055442177,1.141995465,e,
168,G402_43362.23400788_9_19_6_30_0.wav,1.160340136,1.294331066,f,
169,G402_43362.23400788_9_19_6_30_0.wav,1.355736961,1.418412698,a,
170,G402_43362.23400788_9_19_6_30_0.wav,1.429115646,1.611496599,b,
171,G402_43362.23400788_9_19_6_30_0.wav,1.643854875,1.736371882,c,
172,G402_43362.23400788_9_19_6_30_0.wav,1.74893424,1.909092971,d,
173,G402_43362.23400788_9_19_6_30_0.wav,2.038798186,2.097913832,g,
174,G402_43362.23400788_9_19_6_30_0.wav,2.269659864,2.325578231,i,
175,G402_43362.23400788_9_19_6_30_0.wav,2.350702948,2.419092971,a,
176,G402_43362.23400788_9_19_6_30_0.wav,2.42755102,2.606666667,b,
177,G402_43362.23400788_9_19_6_30_0.wav,2.644716553,2.735192744,c,
178,G402_43362.23400788_9_19_6_30_0.wav,2.747369615,2.91015873,d,
179,G402_43362.23400788_9_19_6_30_0.wav,2.958276644,3.046349206,e,
180,G402_43362.23400788_9_19_6_30_0.wav,3.068185941,3.20600907,f,
180,G402_43362.23400788_9_19_6_30_0.wav,3.20600907,3.743605442,silent_gap,0.5375963719999999
181,G402_43362.23400788_9_19_6_30_0.wav,3.743605442,3.807120181,i,
182,G402_43362.23400788_9_19_6_30_0.wav,3.849977324,3.902312925,i,
183,G402_43362.23400788_9_19_6_30_0.wav,3.927891156,3.988911565,a,
184,G402_43362.23400788_9_19_6_30_0.wav,4.00276644,4.181904762,b,
185,G402_43362.23400788_9_19_6_30_0.wav,4.222335601,4.310385488,c,
186,G402_43362.23400788_9_19_6_30_0.wav,4.322947846,4.481950113,d,
187,G402_43362.23400788_9_19_6_30_0.wav,4.541315193,4.638435374,e,
188,G402_43362.23400788_9_19_6_30_0.wav,4.660770975,4.803628118,f,
188,G402_43362.23400788_9_19_6_30_0.wav,4.803628118,5.089818594,silent_gap,0.2861904759999998
189,G402_43362.23400788_9_19_6_30_0.wav,5.148548753,6.009365079,silent_gap,0.8608163260000001
190,G402_43362.23400788_9_19_6_30_0.wav,6.074376417,7.214399093,silent_gap,1.140022676
191,G402_43362.23400788_9_19_6_30_0.wav,7.214399093,7.276530612,i,
192,G402_43362.23400788_9_19_6_30_0.wav,7.33814059,7.398662132,i,
193,G402_43362.23400788_9_19_6_30_0.wav,7.45553288,7.509931973,i,
194,G402_43362.23400788_9_19_6_30_0.wav,7.537482993,7.599637188,a,
195,G402_43362.23400788_9_19_6_30_0.wav,7.610816327,7.78430839,b,
196,G402_43362.23400788_9_19_6_30_0.wav,7.825260771,7.913650794,c,
197,G402_43362.23400788_9_19_6_30_0.wav,7.927210884,8.087324263,d,
198,G402_43362.23400788_9_19_6_30_0.wav,8.136439909,8.229070295,e,
199,G402_43362.23400788_9_19_6_30_0.wav,8.251609977,8.385555556,f,
200,G402_43362.23400788_9_19_6_30_0.wav,8.450929705,8.517596372,a,
201,G402_43362.23400788_9_19_6_30_0.wav,8.525714286,8.70968254,b,
202,G402_43362.23400788_9_19_6_30_0.wav,8.742086168,8.836031746,c,
203,G402_43362.23400788_9_19_6_30_0.wav,8.847369615,9.01185941,d,
203,G402_43362.23400788_9_19_6_30_0.wav,9.01185941,9.518798186,silent_gap,0.5069387760000001
204,G402_43362.23400788_9_19_6_30_0.wav,9.518798186,9.582743764,i,
205,G402_43362.23400788_9_19_6_30_0.wav,9.618276644,9.673968254,i,
206,G402_43362.23400788_9_19_6_30_0.wav,9.708480726,9.766077098,a,
207,G402_43362.23400788_9_19_6_30_0.wav,9.777528345,9.951746032,b,
207,G402_43362.23400788_9_19_6_30_0.wav,9.951746032,11.92344671201814,silent_gap,1.9717006800181398
1,G402_43362.23400788_9_19_6_30_0.wav,11.92344671201814,11.92344671201814,file_end,
0,G402_43362.23429249_9_19_6_30_29.wav,0.0,0.0,file_start,
208,G402_43362.23429249_9_19_6_30_29.wav,4.54e-05,0.046371882,i,
209,G402_43362.23429249_9_19_6_30_29.wav,0.119387755,0.187052154,i,
210,G402_43362.23429249_9_19_6_30_29.wav,0.248752834,0.322630385,i,
211,G402_43362.23429249_9_19_6_30_29.wav,0.387346939,0.44952381,i,
212,G402_43362.23429249_9_19_6_30_29.wav,0.524512472,0.577528345,i,
213,G402_43362.23429249_9_19_6_30_29.wav,0.604217687,0.663673469,a,
214,G402_43362.23429249_9_19_6_30_29.wav,0.677052154,0.857324263,b,
215,G402_43362.23429249_9_19_6_30_29.wav,0.891088435,0.9861678,c,
216,G402_43362.23429249_9_19_6_30_29.wav,1.001133787,1.160680272,d,
217,G402_43362.23429249_9_19_6_30_29.wav,1.208843537,1.299909297,e,
218,G402_43362.23429249_9_19_6_30_29.wav,1.323038549,1.465895692,f,
219,G402_43362.23429249_9_19_6_30_29.wav,1.521814059,1.587777778,a,
220,G402_43362.23429249_9_19_6_30_29.wav,1.59585034,1.779274376,b,
221,G402_43362.23429249_9_19_6_30_29.wav,1.816553288,1.906213152,c,
222,G402_43362.23429249_9_19_6_30_29.wav,1.922698413,2.081972789,d,
222,G402_43362.23429249_9_19_6_30_29.wav,2.081972789,2.570430839,silent_gap,0.4884580500000002
223,G402_43362.23429249_9_19_6_30_29.wav,2.570430839,2.631723356,i,
224,G402_43362.23429249_9_19_6_30_29.wav,2.675873016,2.734512472,i,
225,G402_43362.23429249_9_19_6_30_29.wav,2.756417234,2.822743764,a,
226,G402_43362.23429249_9_19_6_30_29.wav,2.835351474,3.013628118,b,
227,G402_43362.23429249_9_19_6_30_29.wav,3.054376417,3.14414966,c,
228,G402_43362.23429249_9_19_6_30_29.wav,3.156553288,3.317641723,d,
229,G402_43362.23429249_9_19_6_30_29.wav,3.382222222,3.479886621,e,
230,G402_43362.23429249_9_19_6_30_29.wav,3.491269841,3.629047619,f,
231,G402_43362.23429249_9_19_6_30_29.wav,3.693424036,3.75739229,a,
232,G402_43362.23429249_9_19_6_30_29.wav,3.769546485,3.957709751,b,
233,G402_43362.23429249_9_19_6_30_29.wav,3.986122449,4.07723356,c,
234,G402_43362.23429249_9_19_6_30_29.wav,4.093900227,4.253696145,d,
234,G402_43362.23429249_9_19_6_30_29.wav,4.253696145,4.498752834,silent_gap,0.2450566890000001
235,G402_43362.23429249_9_19_6_30_29.wav,4.498752834,4.55122449,g,
236,G402_43362.23429249_9_19_6_30_29.wav,4.741519274,4.796031746,i,
237,G402_43362.23429249_9_19_6_30_29.wav,4.826417234,4.89600907,a,
238,G402_43362.23429249_9_19_6_30_29.wav,4.903809524,5.089455782,b,
239,G402_43362.23429249_9_19_6_30_29.wav,5.125328798,5.213764172,c,
240,G402_43362.23429249_9_19_6_30_29.wav,5.229092971,5.386938776,d,
241,G402_43362.23429249_9_19_6_30_29.wav,5.445306122,5.535510204,e,
242,G402_43362.23429249_9_19_6_30_29.wav,5.559297052,5.694965986,f,
243,G402_43362.23429249_9_19_6_30_29.wav,5.757188209,5.822040816,a,
244,G402_43362.23429249_9_19_6_30_29.wav,5.831723356,6.017845805,b,
245,G402_43362.23429249_9_19_6_30_29.wav,6.051723356,6.141904762,c,
246,G402_43362.23429249_9_19_6_30_29.wav,6.158820862,6.319387755,d,
246,G402_43362.23429249_9_19_6_30_29.wav,6.319387755,6.601292517,silent_gap,0.2819047619999999
247,G402_43362.23429249_9_19_6_30_29.wav,6.601292517,6.657482993,g,
248,G402_43362.23429249_9_19_6_30_29.wav,6.776621315,6.83106576,i,
249,G402_43362.23429249_9_19_6_30_29.wav,6.85861678,6.925804989,a,
250,G402_43362.23429249_9_19_6_30_29.wav,6.935124717,7.111791383,b,
251,G402_43362.23429249_9_19_6_30_29.wav,7.154648526,7.244013605,c,
252,G402_43362.23429249_9_19_6_30_29.wav,7.261678005,7.425192744,d,
253,G402_43362.23429249_9_19_6_30_29.wav,7.471519274,7.566394558,e,
254,G402_43362.23429249_9_19_6_30_29.wav,7.593129252,7.730521542,f,
255,G402_43362.23429249_9_19_6_30_29.wav,7.794716553,7.858185941,a,
256,G402_43362.23429249_9_19_6_30_29.wav,7.870816327,8.053151927,b,
257,G402_43362.23429249_9_19_6_30_29.wav,8.090544218,8.179319728,c,
258,G402_43362.23429249_9_19_6_30_29.wav,8.194399093,8.360045351,d,
258,G402_43362.23429249_9_19_6_30_29.wav,8.360045351,8.881292517,silent_gap,0.5212471660000002
259,G402_43362.23429249_9_19_6_30_29.wav,8.942585034,9.744421769,silent_gap,0.8018367350000002
260,G402_43362.23429249_9_19_6_30_29.wav,9.744421769,9.886870748,f,
261,G402_43362.23429249_9_19_6_30_29.wav,10.00478458,10.05807256,i,
262,G402_43362.23429249_9_19_6_30_29.wav,10.08131519,10.1477551,a,
263,G402_43362.23429249_9_19_6_30_29.wav,10.15943311,10.33768707,b,
264,G402_43362.23429249_9_19_6_30_29.wav,10.37439909,10.46303855,c,
265,G402_43362.23429249_9_19_6_30_29.wav,10.47623583,10.63274376,d,
266,G402_43362.23429249_9_19_6_30_29.wav,10.68818594,10.77752834,e,
267,G402_43362.23429249_9_19_6_30_29.wav,10.79759637,10.93560091,f,
268,G402_43362.23429249_9_19_6_30_29.wav,10.99705215,11.05888889,a,
269,G402_43362.23429249_9_19_6_30_29.wav,11.0731746,11.25240363,b,
270,G402_43362.23429249_9_19_6_30_29.wav,11.28911565,11.38394558,c,
271,G402_43362.23429249_9_19_6_30_29.wav,11.39399093,11.55566893,d,
271,G402_43362.23429249_9_19_6_30_29.wav,11.55566893,11.79183673,silent_gap,0.23616780000000048
272,G402_43362.23429249_9_19_6_30_29.wav,11.84712018,12.37970522,silent_gap,0.5325850400000007
273,G402_43362.23429249_9_19_6_30_29.wav,12.37970522,12.44077098,i,
274,G402_43362.23429249_9_19_6_30_29.wav,12.50056689,12.55498866,i,
275,G402_43362.23429249_9_19_6_30_29.wav,12.58213152,12.64904762,a,
276,G402_43362.23429249_9_19_6_30_29.wav,12.66004535,12.83854875,b,
277,G402_43362.23429249_9_19_6_30_29.wav,12.87546485,12.97213152,c,
278,G402_43362.23429249_9_19_6_30_29.wav,12.98419501,13.14188209,d,
279,G402_43362.23429249_9_19_6_30_29.wav,13.19403628,13.28795918,e,
280,G402_43362.23429249_9_19_6_30_29.wav,13.30845805,13.45276644,f,
280,G402_43362.23429249_9_19_6_30_29.wav,13.45276644,14.1278458,silent_gap,0.6750793599999998
281,G402_43362.23429249_9_19_6_30_29.wav,14.18390023,14.64063492,silent_gap,0.45673468999999933
282,G402_43362.23429249_9_19_6_30_29.wav,14.73018141,15.0929932,silent_gap,0.3628117900000003
283,G402_43362.23429249_9_19_6_30_29.wav,15.0929932,15.15637188,i,
284,G402_43362.23429249_9_19_6_30_29.wav,15.20793651,15.26294785,i,
285,G402_43362.23429249_9_19_6_30_29.wav,15.29526077,15.3576644,a,
286,G402_43362.23429249_9_19_6_30_29.wav,15.37122449,15.55201814,b,
287,G402_43362.23429249_9_19_6_30_29.wav,15.58936508,15.68208617,c,
288,G402_43362.23429249_9_19_6_30_29.wav,15.69176871,15.84984127,d,
289,G402_43362.23429249_9_19_6_30_29.wav,15.90979592,15.99827664,e,
290,G402_43362.23429249_9_19_6_30_29.wav,16.0215873,16.15950113,f,
291,G402_43362.23429249_9_19_6_30_29.wav,16.21829932,16.28473923,a,
292,G402_43362.23429249_9_19_6_30_29.wav,16.29433107,16.47346939,b,
293,G402_43362.23429249_9_19_6_30_29.wav,16.51104308,16.60117914,c,
294,G402_43362.23429249_9_19_6_30_29.wav,16.61818594,16.78312925,d,
294,G402_43362.23429249_9_19_6_30_29.wav,16.78312925,18.83138321995465,silent_gap,2.048253969954647
1,G402_43362.23429249_9_19_6_30_29.wav,18.83138321995465,18.83138321995465,file_end,
0,G402_43362.28572014_9_19_7_56_12.wav,0.0,0.0,file_start,
295,G402_43362.28572014_9_19_7_56_12.wav,4.54e-05,0.139614512,f,
295,G402_43362.28572014_9_19_7_56_12.wav,0.139614512,0.885804989,silent_gap,0.7461904770000001
296,G402_43362.28572014_9_19_7_56_12.wav,0.885804989,0.942562358,i,
297,G402_43362.28572014_9_19_7_56_12.wav,1.126439909,1.187165533,i,
298,G402_43362.28572014_9_19_7_56_12.wav,1.250022676,1.29845805,i,
299,G402_43362.28572014_9_19_7_56_12.wav,1.326349206,1.385328798,a,
300,G402_43362.28572014_9_19_7_56_12.wav,1.403945578,1.579092971,b,
301,G402_43362.28572014_9_19_7_56_12.wav,1.614126984,1.708594104,c,
302,G402_43362.28572014_9_19_7_56_12.wav,1.722517007,1.882743764,d,
302,G402_43362.28572014_9_19_7_56_12.wav,1.882743764,2.4126984126984126,silent_gap,0.5299546486984126
1,G402_43362.28572014_9_19_7_56_12.wav,2.4126984126984126,2.4126984126984126,file_end,
0,G402_43362.29574145_9_19_8_12_54.wav,0.0,0.0,file_start,
303,G402_43362.29574145_9_19_8_12_54.wav,0.192267574,0.246780045,i,
303,G402_43362.29574145_9_19_8_12_54.wav,0.246780045,0.516689342,silent_gap,0.26990929700000005
304,G402_43362.29574145_9_19_8_12_54.wav,0.516689342,0.591247166,i,
305,G402_43362.29574145_9_19_8_12_54.wav,0.758117914,0.811020408,i,
305,G402_43362.29574145_9_19_8_12_54.wav,0.811020408,1.114580499,silent_gap,0.3035600909999999
306,G402_43362.29574145_9_19_8_12_54.wav,1.114580499,1.172290249,i,
307,G402_43362.29574145_9_19_8_12_54.wav,1.262426304,1.321428571,i,
307,G402_43362.29574145_9_19_8_12_54.wav,1.321428571,1.943038549,silent_gap,0.621609978
308,G402_43362.29574145_9_19_8_12_54.wav,1.943038549,1.994693878,i,
309,G402_43362.29574145_9_19_8_12_54.wav,2.059727891,2.112721088,i,
310,G402_43362.29574145_9_19_8_12_54.wav,2.139274376,2.198072562,a,
311,G402_43362.29574145_9_19_8_12_54.wav,2.21462585,2.382131519,b,
311,G402_43362.29574145_9_19_8_12_54.wav,2.382131519,4.3192063492063495,silent_gap,1.9370748302063494
1,G402_43362.29574145_9_19_8_12_54.wav,4.3192063492063495,4.3192063492063495,file_end,
0,G402_43362.29615603_9_19_8_13_35.wav,0.0,0.0,file_start,
0,G402_43362.29615603_9_19_8_13_35.wav,0.0,0.305736961,silent_gap,0.305736961
312,G402_43362.29615603_9_19_8_13_35.wav,0.305736961,0.354739229,i,
313,G402_43362.29615603_9_19_8_13_35.wav,0.452902494,0.516031746,i,
314,G402_43362.29615603_9_19_8_13_35.wav,0.691564626,0.74968254,i,
315,G402_43362.29615603_9_19_8_13_35.wav,0.855170068,0.913356009,i,
316,G402_43362.29615603_9_19_8_13_35.wav,0.942698413,1.002199546,a,
317,G402_43362.29615603_9_19_8_13_35.wav,1.015260771,1.195396825,b,
318,G402_43362.29615603_9_19_8_13_35.wav,1.227687075,1.315918367,c,
319,G402_43362.29615603_9_19_8_13_35.wav,1.328503401,1.480113379,d,
319,G402_43362.29615603_9_19_8_13_35.wav,1.480113379,3.451678004535147,silent_gap,1.971564625535147
1,G402_43362.29615603_9_19_8_13_35.wav,3.451678004535147,3.451678004535147,file_end,
0,G402_43362.29861683_9_19_8_17_41.wav,0.0,0.0,file_start,
320,G402_43362.29861683_9_19_8_17_41.wav,0.008956916,0.040952381,i,
321,G402_43362.29861683_9_19_8_17_41.wav,0.232426304,0.287845805,i,
322,G402_43362.29861683_9_19_8_17_41.wav,0.394217687,0.458231293,i,
323,G402_43362.29861683_9_19_8_17_41.wav,0.52739229,0.587505669,i,
324,G402_43362.29861683_9_19_8_17_41.wav,0.650975057,0.707709751,i,
325,G402_43362.29861683_9_19_8_17_41.wav,0.736780045,0.796054422,a,
326,G402_43362.29861683_9_19_8_17_41.wav,0.813786848,0.978798186,b,
327,G402_43362.29861683_9_19_8_17_41.wav,1.021269841,1.111564626,c,
328,G402_43362.29861683_9_19_8_17_41.wav,1.124399093,1.278208617,d,
329,G402_43362.29861683_9_19_8_17_41.wav,1.338911565,1.44122449,e,
329,G402_43362.29861683_9_19_8_17_41.wav,1.44122449,3.4249433106575964,silent_gap,1.9837188206575964
1,G402_43362.29861683_9_19_8_17_41.wav,3.4249433106575964,3.4249433106575964,file_end,
0,G402_43362.41878313_9_19_11_37_58.wav,0.0,0.0,file_start,
330,G402_43362.41878313_9_19_11_37_58.wav,0.000430839,0.050430839,i,
331,G402_43362.41878313_9_19_11_37_58.wav,0.109773243,0.154331066,i,
332,G402_43362.41878313_9_19_11_37_58.wav,0.24462585,0.297324263,i,
333,G402_43362.41878313_9_19_11_37_58.wav,0.351247166,0.405260771,i,
334,G402_43362.41878313_9_19_11_37_58.wav,0.425918367,0.481972789,a,
335,G402_43362.41878313_9_19_11_37_58.wav,0.504104308,0.668480726,b,
336,G402_43362.41878313_9_19_11_37_58.wav,0.712539683,0.799024943,c,
337,G402_43362.41878313_9_19_11_37_58.wav,0.817029478,0.966938776,d,
338,G402_43362.41878313_9_19_11_37_58.wav,1.012879819,1.098979592,e,
339,G402_43362.41878313_9_19_11_37_58.wav,1.129297052,1.263514739,f,
339,G402_43362.41878313_9_19_11_37_58.wav,1.263514739,2.49569161,silent_gap,1.232176871
340,G402_43362.41878313_9_19_11_37_58.wav,2.49569161,2.555941043,i,
341,G402_43362.41878313_9_19_11_37_58.wav,2.605986395,2.649501134,i,
342,G402_43362.41878313_9_19_11_37_58.wav,2.685555556,2.745873016,a,
343,G402_43362.41878313_9_19_11_37_58.wav,2.763605442,2.927868481,b,
344,G402_43362.41878313_9_19_11_37_58.wav,2.976054422,3.05952381,c,
345,G402_43362.41878313_9_19_11_37_58.wav,3.07861678,3.225328798,d,
345,G402_43362.41878313_9_19_11_37_58.wav,3.225328798,5.2128798185941045,silent_gap,1.9875510205941045
1,G402_43362.41878313_9_19_11_37_58.wav,5.2128798185941045,5.2128798185941045,file_end,
0,G402_43362.41885126_9_19_11_38_5.wav,0.0,0.0,file_start,
346,G402_43362.41885126_9_19_11_38_5.wav,4.54e-05,0.037687075,i,
347,G402_43362.41885126_9_19_11_38_5.wav,0.093673469,0.135646259,i,
348,G402_43362.41885126_9_19_11_38_5.wav,0.191995465,0.230839002,i,
349,G402_43362.41885126_9_19_11_38_5.wav,0.268117914,0.320113379,i,
350,G402_43362.41885126_9_19_11_38_5.wav,0.348866213,0.40877551,a,
351,G402_43362.41885126_9_19_11_38_5.wav,0.429773243,0.597823129,b,
352,G402_43362.41885126_9_19_11_38_5.wav,0.634376417,0.723673469,c,
353,G402_43362.41885126_9_19_11_38_5.wav,0.740453515,0.893877551,d,
354,G402_43362.41885126_9_19_11_38_5.wav,0.941337868,1.032426304,e,
355,G402_43362.41885126_9_19_11_38_5.wav,1.059501134,1.189705215,f,
356,G402_43362.41885126_9_19_11_38_5.wav,1.274217687,1.334353741,a,
357,G402_43362.41885126_9_19_11_38_5.wav,1.3538322,1.532471655,b,
358,G402_43362.41885126_9_19_11_38_5.wav,1.56739229,1.652698413,c,
359,G402_43362.41885126_9_19_11_38_5.wav,1.670408163,1.819795918,d,
359,G402_43362.41885126_9_19_11_38_5.wav,1.819795918,3.8080725623582765,silent_gap,1.9882766443582764
1,G402_43362.41885126_9_19_11_38_5.wav,3.8080725623582765,3.8080725623582765,file_end,
0,G402_43362.41898408_9_19_11_38_18.wav,0.0,0.0,file_start,
360,G402_43362.41898408_9_19_11_38_18.wav,0.004399093,0.043424036,i,
361,G402_43362.41898408_9_19_11_38_18.wav,0.121723356,0.175487528,i,
362,G402_43362.41898408_9_19_11_38_18.wav,0.259818594,0.313356009,i,
363,G402_43362.41898408_9_19_11_38_18.wav,0.367188209,0.419251701,i,
364,G402_43362.41898408_9_19_11_38_18.wav,0.468072562,0.520975057,i,
365,G402_43362.41898408_9_19_11_38_18.wav,0.550294785,0.600612245,a,
366,G402_43362.41898408_9_19_11_38_18.wav,0.618707483,0.788911565,b,
367,G402_43362.41898408_9_19_11_38_18.wav,0.834058957,0.915238095,c,
368,G402_43362.41898408_9_19_11_38_18.wav,0.932040816,1.0830839,d,
369,G402_43362.41898408_9_19_11_38_18.wav,1.143582766,1.226258503,e,
370,G402_43362.41898408_9_19_11_38_18.wav,1.253401361,1.38829932,f,
371,G402_43362.41898408_9_19_11_38_18.wav,1.45707483,1.516870748,a,
372,G402_43362.41898408_9_19_11_38_18.wav,1.532312925,1.711201814,b,
373,G402_43362.41898408_9_19_11_38_18.wav,1.744512472,1.833469388,c,
374,G402_43362.41898408_9_19_11_38_18.wav,1.854988662,2.009750567,d,
374,G402_43362.41898408_9_19_11_38_18.wav,2.009750567,2.745804989,silent_gap,0.7360544219999996
375,G402_43362.41898408_9_19_11_38_18.wav,2.745804989,2.804240363,i,
376,G402_43362.41898408_9_19_11_38_18.wav,2.864557823,2.919954649,i,
377,G402_43362.41898408_9_19_11_38_18.wav,2.945283447,3.002403628,a,
378,G402_43362.41898408_9_19_11_38_18.wav,3.025623583,3.20260771,b,
379,G402_43362.41898408_9_19_11_38_18.wav,3.237891156,3.322154195,c,
380,G402_43362.41898408_9_19_11_38_18.wav,3.340226757,3.496689342,d,
381,G402_43362.41898408_9_19_11_38_18.wav,3.551972789,3.635079365,e,
381,G402_43362.41898408_9_19_11_38_18.wav,3.635079365,4.509614512,silent_gap,0.8745351469999996
382,G402_43362.41898408_9_19_11_38_18.wav,4.509614512,4.566938776,i,
383,G402_43362.41898408_9_19_11_38_18.wav,4.618526077,4.673469388,i,
384,G402_43362.41898408_9_19_11_38_18.wav,4.703333333,4.765170068,a,
385,G402_43362.41898408_9_19_11_38_18.wav,4.783219955,4.946780045,b,
386,G402_43362.41898408_9_19_11_38_18.wav,4.99585034,5.079092971,c,
387,G402_43362.41898408_9_19_11_38_18.wav,5.094263039,5.246598639,d,
388,G402_43362.41898408_9_19_11_38_18.wav,5.312403628,5.396349206,e,
389,G402_43362.41898408_9_19_11_38_18.wav,5.41984127,5.545328798,f,
390,G402_43362.41898408_9_19_11_38_18.wav,5.606507937,5.666802721,a,
391,G402_43362.41898408_9_19_11_38_18.wav,5.686235828,5.863922902,b,
392,G402_43362.41898408_9_19_11_38_18.wav,5.897936508,5.979342404,c,
393,G402_43362.41898408_9_19_11_38_18.wav,5.997959184,6.153197279,d,
394,G402_43362.41898408_9_19_11_38_18.wav,6.209591837,6.302131519,e,
394,G402_43362.41898408_9_19_11_38_18.wav,6.302131519,8.289523809523809,silent_gap,1.9873922905238093
1,G402_43362.41898408_9_19_11_38_18.wav,8.289523809523809,8.289523809523809,file_end,
0,G402_43362.41907085_9_19_11_38_27.wav,0.0,0.0,file_start,
395,G402_43362.41907085_9_19_11_38_27.wav,4.54e-05,0.04106576,i,
396,G402_43362.41907085_9_19_11_38_27.wav,0.12260771,0.173287982,i,
397,G402_43362.41907085_9_19_11_38_27.wav,0.224557823,0.277165533,i,
398,G402_43362.41907085_9_19_11_38_27.wav,0.303174603,0.362494331,a,
399,G402_43362.41907085_9_19_11_38_27.wav,0.381632653,0.545238095,b,
400,G402_43362.41907085_9_19_11_38_27.wav,0.590204082,0.675827664,c,
401,G402_43362.41907085_9_19_11_38_27.wav,0.689818594,0.844557823,d,
401,G402_43362.41907085_9_19_11_38_27.wav,0.844557823,3.900952380952381,silent_gap,3.056394557952381
1,G402_43362.41907085_9_19_11_38_27.wav,3.900952380952381,3.900952380952381,file_end,
0,G402_43362.41916736_9_19_11_38_36.wav,0.0,0.0,file_start,
402,G402_43362.41916736_9_19_11_38_36.wav,4.54e-05,0.131269841,f,
402,G402_43362.41916736_9_19_11_38_36.wav,0.131269841,0.803764172,silent_gap,0.672494331
403,G402_43362.41916736_9_19_11_38_36.wav,0.803764172,0.859909297,i,
404,G402_43362.41916736_9_19_11_38_36.wav,0.926054422,0.986190476,i,
405,G402_43362.41916736_9_19_11_38_36.wav,1.036961451,1.086598639,i,
406,G402_43362.41916736_9_19_11_38_36.wav,1.113900227,1.173015873,a,
407,G402_43362.41916736_9_19_11_38_36.wav,1.189591837,1.353718821,b,
408,G402_43362.41916736_9_19_11_38_36.wav,1.401133787,1.484739229,c,
409,G402_43362.41916736_9_19_11_38_36.wav,1.504240363,1.659433107,d,
410,G402_43362.41916736_9_19_11_38_36.wav,1.712834467,1.799614512,e,
411,G402_43362.41916736_9_19_11_38_36.wav,1.831111111,1.962267574,f,
411,G402_43362.41916736_9_19_11_38_36.wav,1.962267574,3.947392290249433,silent_gap,1.9851247162494332
1,G402_43362.41916736_9_19_11_38_36.wav,3.947392290249433,3.947392290249433,file_end,
0,G402_43362.41922523_9_19_11_38_42.wav,0.0,0.0,file_start,
0,G402_43362.41922523_9_19_11_38_42.wav,0.0,1.882403628,silent_gap,1.882403628
412,G402_43362.41922523_9_19_11_38_42.wav,2.018004535,2.537528345,silent_gap,0.5195238099999999
413,G402_43362.41922523_9_19_11_38_42.wav,2.537528345,2.590136054,i,
414,G402_43362.41922523_9_19_11_38_42.wav,2.671088435,2.720657596,i,
415,G402_43362.41922523_9_19_11_38_42.wav,2.751201814,2.804399093,i,
416,G402_43362.41922523_9_19_11_38_42.wav,2.830544218,2.887959184,a,
417,G402_43362.41922523_9_19_11_38_42.wav,2.907868481,3.071678005,b,
418,G402_43362.41922523_9_19_11_38_42.wav,3.113197279,3.199614512,c,
419,G402_43362.41922523_9_19_11_38_42.wav,3.215419501,3.367709751,d,
420,G402_43362.41922523_9_19_11_38_42.wav,3.422086168,3.50430839,e,
421,G402_43362.41922523_9_19_11_38_42.wav,3.541020408,3.669365079,f,
421,G402_43362.41922523_9_19_11_38_42.wav,3.669365079,5.6540589569161,silent_gap,1.9846938779161003
1,G402_43362.41922523_9_19_11_38_42.wav,5.6540589569161,5.6540589569161,file_end,
0,G402_43362.41930389_9_19_11_38_50.wav,0.0,0.0,file_start,
422,G402_43362.41930389_9_19_11_38_50.wav,4.54e-05,0.129546485,f,
422,G402_43362.41930389_9_19_11_38_50.wav,0.129546485,0.504285714,silent_gap,0.374739229
423,G402_43362.41930389_9_19_11_38_50.wav,0.504285714,0.557437642,i,
424,G402_43362.41930389_9_19_11_38_50.wav,0.630249433,0.677482993,i,
425,G402_43362.41930389_9_19_11_38_50.wav,0.708639456,0.765941043,a,
426,G402_43362.41930389_9_19_11_38_50.wav,0.787188209,0.962040816,b,
427,G402_43362.41930389_9_19_11_38_50.wav,0.997278912,1.080702948,c,
428,G402_43362.41930389_9_19_11_38_50.wav,1.098911565,1.252947846,d,
429,G402_43362.41930389_9_19_11_38_50.wav,1.321609977,1.380113379,a,
430,G402_43362.41930389_9_19_11_38_50.wav,1.401133787,1.576961451,b,
431,G402_43362.41930389_9_19_11_38_50.wav,1.611315193,1.698662132,c,
432,G402_43362.41930389_9_19_11_38_50.wav,1.713151927,1.867981859,d,
432,G402_43362.41930389_9_19_11_38_50.wav,1.867981859,3.8545124716553287,silent_gap,1.9865306126553288
1,G402_43362.41930389_9_19_11_38_50.wav,3.8545124716553287,3.8545124716553287,file_end,
0,G402_43362.43155305_9_19_11_59_15.wav,0.0,0.0,file_start,
433,G402_43362.43155305_9_19_11_59_15.wav,0.000136054,0.058435374,i,
434,G402_43362.43155305_9_19_11_59_15.wav,0.136575964,0.194920635,i,
435,G402_43362.43155305_9_19_11_59_15.wav,0.326371882,0.37324263,i,
436,G402_43362.43155305_9_19_11_59_15.wav,0.401564626,0.461201814,a,
437,G402_43362.43155305_9_19_11_59_15.wav,0.478594104,0.645873016,b,
438,G402_43362.43155305_9_19_11_59_15.wav,0.690521542,0.771179138,c,
439,G402_43362.43155305_9_19_11_59_15.wav,0.788843537,0.942267574,d,
439,G402_43362.43155305_9_19_11_59_15.wav,0.942267574,1.984739229,silent_gap,1.042471655
440,G402_43362.43155305_9_19_11_59_15.wav,1.984739229,2.030249433,i,
441,G402_43362.43155305_9_19_11_59_15.wav,2.123764172,2.176281179,i,
442,G402_43362.43155305_9_19_11_59_15.wav,2.19893424,2.255873016,a,
443,G402_43362.43155305_9_19_11_59_15.wav,2.277301587,2.442857143,b,
443,G402_43362.43155305_9_19_11_59_15.wav,2.442857143,4.423401360544218,silent_gap,1.9805442175442178
1,G402_43362.43155305_9_19_11_59_15.wav,4.423401360544218,4.423401360544218,file_end,
0,G402_43362.43162829_9_19_11_59_22.wav,0.0,0.0,file_start,
444,G402_43362.43162829_9_19_11_59_22.wav,4.54e-05,0.128956916,f,
444,G402_43362.43162829_9_19_11_59_22.wav,0.128956916,0.517573696,silent_gap,0.38861678
445,G402_43362.43162829_9_19_11_59_22.wav,0.517573696,0.577324263,i,
446,G402_43362.43162829_9_19_11_59_22.wav,0.669795918,0.73399093,i,
447,G402_43362.43162829_9_19_11_59_22.wav,0.790294785,0.831814059,i,
448,G402_43362.43162829_9_19_11_59_22.wav,0.864172336,0.920226757,a,
449,G402_43362.43162829_9_19_11_59_22.wav,0.941496599,1.104036281,b,
450,G402_43362.43162829_9_19_11_59_22.wav,1.148684807,1.231655329,c,
451,G402_43362.43162829_9_19_11_59_22.wav,1.245578231,1.399342404,d,
452,G402_43362.43162829_9_19_11_59_22.wav,1.458571429,1.549818594,e,
453,G402_43362.43162829_9_19_11_59_22.wav,1.574263039,1.705011338,f,
454,G402_43362.43162829_9_19_11_59_22.wav,1.778163265,1.839047619,a,
455,G402_43362.43162829_9_19_11_59_22.wav,1.8538322,2.029274376,b,
456,G402_43362.43162829_9_19_11_59_22.wav,2.065238095,2.15446712,c,
457,G402_43362.43162829_9_19_11_59_22.wav,2.168684807,2.323673469,d,
457,G402_43362.43162829_9_19_11_59_22.wav,2.323673469,4.307301587301588,silent_gap,1.9836281183015876
1,G402_43362.43162829_9_19_11_59_22.wav,4.307301587301588,4.307301587301588,file_end,
0,G402_43362.43169117_9_19_11_59_29.wav,0.0,0.0,file_start,
458,G402_43362.43169117_9_19_11_59_29.wav,0.00047619,0.049160998,i,
459,G402_43362.43169117_9_19_11_59_29.wav,0.141995465,0.198253968,i,
459,G402_43362.43169117_9_19_11_59_29.wav,0.198253968,0.61723356,silent_gap,0.41897959199999996
460,G402_43362.43169117_9_19_11_59_29.wav,0.61723356,0.673854875,i,
461,G402_43362.43169117_9_19_11_59_29.wav,0.72984127,0.773424036,i,
462,G402_43362.43169117_9_19_11_59_29.wav,0.807278912,0.864512472,a,
463,G402_43362.43169117_9_19_11_59_29.wav,0.881269841,1.048526077,b,
464,G402_43362.43169117_9_19_11_59_29.wav,1.094965986,1.177755102,c,
465,G402_43362.43169117_9_19_11_59_29.wav,1.195011338,1.347505669,d,
466,G402_43362.43169117_9_19_11_59_29.wav,1.406303855,1.500657596,e,
467,G402_43362.43169117_9_19_11_59_29.wav,1.543628118,1.604829932,a,
468,G402_43362.43169117_9_19_11_59_29.wav,1.617460317,1.786235828,b,
469,G402_43362.43169117_9_19_11_59_29.wav,1.832403628,1.914285714,c,
470,G402_43362.43169117_9_19_11_59_29.wav,1.934195011,2.089274376,d,
470,G402_43362.43169117_9_19_11_59_29.wav,2.089274376,4.0751020408163265,silent_gap,1.9858276648163264
1,G402_43362.43169117_9_19_11_59_29.wav,4.0751020408163265,4.0751020408163265,file_end,
0,G402_43362.43176125_9_19_11_59_36.wav,0.0,0.0,file_start,
471,G402_43362.43176125_9_19_11_59_36.wav,4.54e-05,0.043492063,i,
471,G402_43362.43176125_9_19_11_59_36.wav,0.043492063,0.308548753,silent_gap,0.26505669
472,G402_43362.43176125_9_19_11_59_36.wav,0.36845805,0.585986395,silent_gap,0.21752834500000007
473,G402_43362.43176125_9_19_11_59_36.wav,0.585986395,0.638979592,i,
474,G402_43362.43176125_9_19_11_59_36.wav,0.687324263,0.7361678,i,
475,G402_43362.43176125_9_19_11_59_36.wav,0.796802721,0.842993197,i,
476,G402_43362.43176125_9_19_11_59_36.wav,0.873560091,0.924988662,a,
477,G402_43362.43176125_9_19_11_59_36.wav,0.947732426,1.110385488,b,
478,G402_43362.43176125_9_19_11_59_36.wav,1.16031746,1.247029478,c,
479,G402_43362.43176125_9_19_11_59_36.wav,1.260498866,1.355873016,d,
479,G402_43362.43176125_9_19_11_59_36.wav,1.355873016,3.3436734693877552,silent_gap,1.9878004533877551
1,G402_43362.43176125_9_19_11_59_36.wav,3.3436734693877552,3.3436734693877552,file_end,
0,G402_43362.43316249_9_19_12_1_56.wav,0.0,0.0,file_start,
480,G402_43362.43316249_9_19_12_1_56.wav,4.54e-05,0.070136054,f,
480,G402_43362.43316249_9_19_12_1_56.wav,0.070136054,0.477052154,silent_gap,0.4069161
481,G402_43362.43316249_9_19_12_1_56.wav,0.531428571,1.279954649,silent_gap,0.748526078
482,G402_43362.43316249_9_19_12_1_56.wav,1.279954649,1.322970522,i,
483,G402_43362.43316249_9_19_12_1_56.wav,1.508798186,1.554716553,i,
484,G402_43362.43316249_9_19_12_1_56.wav,1.630725624,1.684240363,i,
485,G402_43362.43316249_9_19_12_1_56.wav,1.750294785,1.79755102,i,
486,G402_43362.43316249_9_19_12_1_56.wav,1.822721088,1.879614512,a,
487,G402_43362.43316249_9_19_12_1_56.wav,1.900362812,2.06015873,b,
488,G402_43362.43316249_9_19_12_1_56.wav,2.106099773,2.189183673,c,
489,G402_43362.43316249_9_19_12_1_56.wav,2.204444444,2.360408163,d,
490,G402_43362.43316249_9_19_12_1_56.wav,2.414444444,2.508321995,e,
491,G402_43362.43316249_9_19_12_1_56.wav,2.552222222,2.607755102,a,
492,G402_43362.43316249_9_19_12_1_56.wav,2.628730159,2.80414966,b,
493,G402_43362.43316249_9_19_12_1_56.wav,2.848208617,2.932040816,c,
494,G402_43362.43316249_9_19_12_1_56.wav,2.949977324,3.102539683,d,
494,G402_43362.43316249_9_19_12_1_56.wav,3.102539683,5.085170068027211,silent_gap,1.9826303850272113
1,G402_43362.43316249_9_19_12_1_56.wav,5.085170068027211,5.085170068027211,file_end,
0,G402_43362.43383748_9_19_12_3_3.wav,0.0,0.0,file_start,
495,G402_43362.43383748_9_19_12_3_3.wav,4.54e-05,0.056099773,g,
495,G402_43362.43383748_9_19_12_3_3.wav,0.056099773,1.579886621,silent_gap,1.523786848
496,G402_43362.43383748_9_19_12_3_3.wav,1.579886621,1.63292517,i,
497,G402_43362.43383748_9_19_12_3_3.wav,1.716349206,1.765464853,i,
498,G402_43362.43383748_9_19_12_3_3.wav,1.856893424,1.910589569,i,
499,G402_43362.43383748_9_19_12_3_3.wav,2.069863946,2.123854875,i,
500,G402_43362.43383748_9_19_12_3_3.wav,2.186303855,2.230453515,i,
501,G402_43362.43383748_9_19_12_3_3.wav,2.261791383,2.323605442,a,
502,G402_43362.43383748_9_19_12_3_3.wav,2.335873016,2.50430839,b,
502,G402_43362.43383748_9_19_12_3_3.wav,2.50430839,4.481451247165533,silent_gap,1.9771428571655334
1,G402_43362.43383748_9_19_12_3_3.wav,4.481451247165533,4.481451247165533,file_end,
0,G402_43362.43429882_9_19_12_3_49.wav,0.0,0.0,file_start,
503,G402_43362.43429882_9_19_12_3_49.wav,0.135895692,0.188231293,i,
503,G402_43362.43429882_9_19_12_3_49.wav,0.188231293,0.417142857,silent_gap,0.22891156399999998
504,G402_43362.43429882_9_19_12_3_49.wav,0.472018141,0.683673469,silent_gap,0.21165532800000003
505,G402_43362.43429882_9_19_12_3_49.wav,0.683673469,0.741292517,i,
506,G402_43362.43429882_9_19_12_3_49.wav,0.823333333,0.882834467,i,
507,G402_43362.43429882_9_19_12_3_49.wav,0.958866213,1.014489796,i,
508,G402_43362.43429882_9_19_12_3_49.wav,1.043469388,1.107188209,a,
509,G402_43362.43429882_9_19_12_3_49.wav,1.117596372,1.29154195,b,
510,G402_43362.43429882_9_19_12_3_49.wav,1.326235828,1.411632653,c,
511,G402_43362.43429882_9_19_12_3_49.wav,1.428117914,1.583809524,d,
512,G402_43362.43429882_9_19_12_3_49.wav,1.649410431,1.740498866,e,
513,G402_43362.43429882_9_19_12_3_49.wav,1.759433107,1.900544218,f,
513,G402_43362.43429882_9_19_12_3_49.wav,1.900544218,3.8702267573696143,silent_gap,1.9696825393696142
1,G402_43362.43429882_9_19_12_3_49.wav,3.8702267573696143,3.8702267573696143,file_end,
0,G402_43362.43442140_9_19_12_4_2.wav,0.0,0.0,file_start,
514,G402_43362.43442140_9_19_12_4_2.wav,4.54e-05,0.046984127,i,
514,G402_43362.43442140_9_19_12_4_2.wav,0.046984127,0.268888889,silent_gap,0.22190476200000003
515,G402_43362.43442140_9_19_12_4_2.wav,0.268888889,0.333854875,i,
516,G402_43362.43442140_9_19_12_4_2.wav,0.407687075,0.464852608,i,
517,G402_43362.43442140_9_19_12_4_2.wav,0.518866213,0.565963719,i,
518,G402_43362.43442140_9_19_12_4_2.wav,0.596802721,0.657482993,a,
519,G402_43362.43442140_9_19_12_4_2.wav,0.668843537,0.8469161,b,
520,G402_43362.43442140_9_19_12_4_2.wav,0.877165533,0.967573696,c,
521,G402_43362.43442140_9_19_12_4_2.wav,0.978526077,1.132902494,d,
522,G402_43362.43442140_9_19_12_4_2.wav,1.19244898,1.274376417,e,
523,G402_43362.43442140_9_19_12_4_2.wav,1.289931973,1.427414966,f,
523,G402_43362.43442140_9_19_12_4_2.wav,1.427414966,3.4133333333333336,silent_gap,1.9859183673333336
1,G402_43362.43442140_9_19_12_4_2.wav,3.4133333333333336,3.4133333333333336,file_end,
0,G402_43362.43475243_9_19_12_4_35.wav,0.0,0.0,file_start,
524,G402_43362.43475243_9_19_12_4_35.wav,0.003219955,0.147482993,f,
524,G402_43362.43475243_9_19_12_4_35.wav,0.147482993,0.864104308,silent_gap,0.716621315
525,G402_43362.43475243_9_19_12_4_35.wav,0.864104308,0.917346939,i,
526,G402_43362.43475243_9_19_12_4_35.wav,0.98047619,1.035827664,i,
527,G402_43362.43475243_9_19_12_4_35.wav,1.094875283,1.139727891,i,
528,G402_43362.43475243_9_19_12_4_35.wav,1.164807256,1.224081633,a,
529,G402_43362.43475243_9_19_12_4_35.wav,1.233333333,1.409365079,b,
530,G402_43362.43475243_9_19_12_4_35.wav,1.447256236,1.533492063,c,
531,G402_43362.43475243_9_19_12_4_35.wav,1.544648526,1.701292517,d,
532,G402_43362.43475243_9_19_12_4_35.wav,1.753492063,1.841133787,e,
533,G402_43362.43475243_9_19_12_4_35.wav,1.877097506,1.938253968,a,
534,G402_43362.43475243_9_19_12_4_35.wav,1.94984127,2.125782313,b,
534,G402_43362.43475243_9_19_12_4_35.wav,2.125782313,2.397687074829932,silent_gap,0.27190476182993173
1,G402_43362.43475243_9_19_12_4_35.wav,2.397687074829932,2.397687074829932,file_end,
0,G402_43362.43560100_9_19_12_6_0.wav,0.0,0.0,file_start,
535,G402_43362.43560100_9_19_12_6_0.wav,4.54e-05,0.036349206,i,
536,G402_43362.43560100_9_19_12_6_0.wav,0.19675737,0.254376417,i,
536,G402_43362.43560100_9_19_12_6_0.wav,0.254376417,0.462086168,silent_gap,0.207709751
537,G402_43362.43560100_9_19_12_6_0.wav,0.462086168,0.519297052,i,
538,G402_43362.43560100_9_19_12_6_0.wav,0.612721088,0.667256236,i,
539,G402_43362.43560100_9_19_12_6_0.wav,0.722403628,0.766303855,i,
540,G402_43362.43560100_9_19_12_6_0.wav,0.804852608,0.853106576,a,
541,G402_43362.43560100_9_19_12_6_0.wav,0.873378685,1.033401361,b,
542,G402_43362.43560100_9_19_12_6_0.wav,1.077324263,1.159297052,c,
543,G402_43362.43560100_9_19_12_6_0.wav,1.178571429,1.330181406,d,
544,G402_43362.43560100_9_19_12_6_0.wav,1.391678005,1.481836735,e,
545,G402_43362.43560100_9_19_12_6_0.wav,1.513764172,1.641609977,f,
545,G402_43362.43560100_9_19_12_6_0.wav,1.641609977,3.262154195,silent_gap,1.6205442179999998
546,G402_43362.43560100_9_19_12_6_0.wav,3.262154195,3.304852608,i,
547,G402_43362.43560100_9_19_12_6_0.wav,3.379455782,3.427664399,i,
548,G402_43362.43560100_9_19_12_6_0.wav,3.470612245,3.518752834,i,
549,G402_43362.43560100_9_19_12_6_0.wav,3.545011338,3.602086168,a,
550,G402_43362.43560100_9_19_12_6_0.wav,3.620907029,3.782403628,b,
551,G402_43362.43560100_9_19_12_6_0.wav,3.828752834,3.910634921,c,
552,G402_43362.43560100_9_19_12_6_0.wav,3.928798186,4.082834467,d,
553,G402_43362.43560100_9_19_12_6_0.wav,4.130634921,4.213673469,e,
554,G402_43362.43560100_9_19_12_6_0.wav,4.247936508,4.377142857,f,
555,G402_43362.43560100_9_19_12_6_0.wav,4.433718821,4.491927438,a,
556,G402_43362.43560100_9_19_12_6_0.wav,4.512993197,4.677029478,b,
557,G402_43362.43560100_9_19_12_6_0.wav,4.71968254,4.80537415,c,
558,G402_43362.43560100_9_19_12_6_0.wav,4.823605442,4.979637188,d,
558,G402_43362.43560100_9_19_12_6_0.wav,4.979637188,6.965986394557823,silent_gap,1.986349206557823
1,G402_43362.43560100_9_19_12_6_0.wav,6.965986394557823,6.965986394557823,file_end,
0,G402_43362.43571922_9_19_12_6_11.wav,0.0,0.0,file_start,
559,G402_43362.43571922_9_19_12_6_11.wav,0.00031746,0.047709751,i,
560,G402_43362.43571922_9_19_12_6_11.wav,0.12829932,0.175918367,i,
561,G402_43362.43571922_9_19_12_6_11.wav,0.249138322,0.296643991,i,
562,G402_43362.43571922_9_19_12_6_11.wav,0.325555556,0.383582766,a,
563,G402_43362.43571922_9_19_12_6_11.wav,0.401791383,0.570430839,b,
564,G402_43362.43571922_9_19_12_6_11.wav,0.609047619,0.692970522,c,
565,G402_43362.43571922_9_19_12_6_11.wav,0.713809524,0.863786848,d,
565,G402_43362.43571922_9_19_12_6_11.wav,0.863786848,2.136371882,silent_gap,1.272585034
566,G402_43362.43571922_9_19_12_6_11.wav,2.136371882,2.191723356,i,
567,G402_43362.43571922_9_19_12_6_11.wav,2.251020408,2.298390023,i,
568,G402_43362.43571922_9_19_12_6_11.wav,2.33185941,2.38154195,a,
569,G402_43362.43571922_9_19_12_6_11.wav,2.401587302,2.563514739,b,
570,G402_43362.43571922_9_19_12_6_11.wav,2.608684807,2.690136054,c,
571,G402_43362.43571922_9_19_12_6_11.wav,2.707120181,2.851337868,d,
572,G402_43362.43571922_9_19_12_6_11.wav,2.912743764,2.996689342,e,
573,G402_43362.43571922_9_19_12_6_11.wav,3.020770975,3.149614512,f,
573,G402_43362.43571922_9_19_12_6_11.wav,3.149614512,3.536825397,silent_gap,0.387210885
574,G402_43362.43571922_9_19_12_6_11.wav,3.536825397,3.588321995,g,
575,G402_43362.43571922_9_19_12_6_11.wav,3.709092971,3.755238095,i,
576,G402_43362.43571922_9_19_12_6_11.wav,3.781043084,3.837641723,a,
577,G402_43362.43571922_9_19_12_6_11.wav,3.86276644,4.025578231,b,
578,G402_43362.43571922_9_19_12_6_11.wav,4.072721088,4.162154195,c,
579,G402_43362.43571922_9_19_12_6_11.wav,4.174263039,4.32446712,d,
580,G402_43362.43571922_9_19_12_6_11.wav,4.382539683,4.472244898,e,
581,G402_43362.43571922_9_19_12_6_11.wav,4.526235828,4.57585034,a,
582,G402_43362.43571922_9_19_12_6_11.wav,4.598276644,4.761836735,b,
582,G402_43362.43571922_9_19_12_6_11.wav,4.761836735,6.722176870748299,silent_gap,1.9603401357482992
1,G402_43362.43571922_9_19_12_6_11.wav,6.722176870748299,6.722176870748299,file_end,
0,G402_43362.43586086_9_19_12_6_26.wav,0.0,0.0,file_start,
583,G402_43362.43586086_9_19_12_6_26.wav,0.004875283,0.138117914,f,
583,G402_43362.43586086_9_19_12_6_26.wav,0.138117914,1.342063492,silent_gap,1.2039455780000001
584,G402_43362.43586086_9_19_12_6_26.wav,1.342063492,1.387732426,i,
585,G402_43362.43586086_9_19_12_6_26.wav,1.458367347,1.508752834,i,
586,G402_43362.43586086_9_19_12_6_26.wav,1.558117914,1.609433107,i,
587,G402_43362.43586086_9_19_12_6_26.wav,1.653061224,1.704852608,i,
588,G402_43362.43586086_9_19_12_6_26.wav,1.737709751,1.786371882,a,
589,G402_43362.43586086_9_19_12_6_26.wav,1.808185941,1.976712018,b,
590,G402_43362.43586086_9_19_12_6_26.wav,2.011904762,2.095646259,c,
591,G402_43362.43586086_9_19_12_6_26.wav,2.114761905,2.263174603,d,
592,G402_43362.43586086_9_19_12_6_26.wav,2.31893424,2.402176871,e,
593,G402_43362.43586086_9_19_12_6_26.wav,2.433809524,2.563446712,f,
593,G402_43362.43586086_9_19_12_6_26.wav,2.563446712,4.539501133786848,silent_gap,1.9760544217868476
1,G402_43362.43586086_9_19_12_6_26.wav,4.539501133786848,4.539501133786848,file_end,
