files,onsets,offsets,labels
G402_43362.23322048_9_19_6_28_42.wav,0.16600907,0.225170068,i
G402_43362.23322048_9_19_6_28_42.wav,0.321043084,0.385827664,i
G402_43362.23322048_9_19_6_28_42.wav,0.570294785,0.62675737,i
G402_43362.23322048_9_19_6_28_42.wav,0.690362812,0.751836735,i
G402_43362.23322048_9_19_6_28_42.wav,0.828390023,0.898911565,i
G402_43362.23322048_9_19_6_28_42.wav,0.965464853,1.02015873,i
G402_43362.23322048_9_19_6_28_42.wav,1.047437642,1.105827664,a
G402_43362.23322048_9_19_6_28_42.wav,1.120294785,1.297619048,b
G402_43362.23322048_9_19_6_28_42.wav,1.334603175,1.424036281,c
G402_43362.23322048_9_19_6_28_42.wav,1.446145125,1.602517007,d
G402_43362.23349517_9_19_6_29_9.wav,0.118163265,0.17845805,i
G402_43362.23349517_9_19_6_29_9.wav,0.2561678,0.320181406,i
G402_43362.23349517_9_19_6_29_9.wav,0.40723356,0.467278912,i
G402_43362.23349517_9_19_6_29_9.wav,0.651451247,0.711473923,i
G402_43362.23349517_9_19_6_29_9.wav,0.796077098,0.851882086,i
G402_43362.23349517_9_19_6_29_9.wav,0.894648526,0.950249433,i
G402_43362.23349517_9_19_6_29_9.wav,0.974081633,1.038049887,a
G402_43362.23349517_9_19_6_29_9.wav,1.047687075,1.22414966,b
G402_43362.23349517_9_19_6_29_9.wav,1.259251701,1.350566893,c
G402_43362.23349517_9_19_6_29_9.wav,1.365260771,1.521020408,d
G402_43362.23349517_9_19_6_29_9.wav,1.569319728,1.665328798,e
G402_43362.23357366_9_19_6_29_17.wav,0.421587302,0.480294785,i
G402_43362.23357366_9_19_6_29_17.wav,0.541201814,0.604126984,i
G402_43362.23357366_9_19_6_29_17.wav,0.729183673,0.790770975,i
G402_43362.23357366_9_19_6_29_17.wav,0.836530612,0.886848073,i
G402_43362.23357366_9_19_6_29_17.wav,0.918730159,0.979727891,a
G402_43362.23357366_9_19_6_29_17.wav,0.99031746,1.166439909,b
G402_43362.23357366_9_19_6_29_17.wav,1.202539683,1.297936508,c
G402_43362.23357366_9_19_6_29_17.wav,1.31015873,1.472335601,d
G402_43362.23357366_9_19_6_29_17.wav,2.705895692,2.765079365,i
G402_43362.23357366_9_19_6_29_17.wav,2.843582766,2.904285714,i
G402_43362.23357366_9_19_6_29_17.wav,2.988707483,3.040634921,i
G402_43362.23357366_9_19_6_29_17.wav,3.067256236,3.127278912,a
G402_43362.23357366_9_19_6_29_17.wav,3.141020408,3.31553288,b
G402_43362.23357366_9_19_6_29_17.wav,3.351133787,3.441133787,c
G402_43362.23357366_9_19_6_29_17.wav,3.459092971,3.609455782,d
G402_43362.23357366_9_19_6_29_17.wav,3.671179138,3.756870748,e
G402_43362.23357366_9_19_6_29_17.wav,3.774058957,3.90968254,f
G402_43362.23357366_9_19_6_29_17.wav,3.965328798,4.022721088,a
G402_43362.23357366_9_19_6_29_17.wav,4.037414966,4.218843537,b
G402_43362.23357366_9_19_6_29_17.wav,4.252743764,4.346054422,c
G402_43362.23357366_9_19_6_29_17.wav,4.355918367,4.513106576,d
G402_43362.23357366_9_19_6_29_17.wav,4.846281179,4.901836735,i
G402_43362.23357366_9_19_6_29_17.wav,5.060816327,5.118730159,i
G402_43362.23357366_9_19_6_29_17.wav,5.148979592,5.208321995,a
G402_43362.23357366_9_19_6_29_17.wav,5.221768707,5.397369615,b
G402_43362.23357366_9_19_6_29_17.wav,5.433038549,5.526462585,c
G402_43362.23357366_9_19_6_29_17.wav,5.540657596,5.699342404,d
G402_43362.23357366_9_19_6_29_17.wav,5.767256236,5.856553288,e
G402_43362.23357366_9_19_6_29_17.wav,5.870793651,6.005442177,f
G402_43362.23357366_9_19_6_29_17.wav,6.068979592,6.130770975,a
G402_43362.23357366_9_19_6_29_17.wav,6.142902494,6.325306122,b
G402_43362.23357366_9_19_6_29_17.wav,6.356780045,6.443265306,c
G402_43362.23357366_9_19_6_29_17.wav,6.462834467,6.624444444,d
G402_43362.23357366_9_19_6_29_17.wav,7.057142857,7.114195011,i
G402_43362.23357366_9_19_6_29_17.wav,7.175351474,7.229160998,i
G402_43362.23357366_9_19_6_29_17.wav,7.252517007,7.313219955,a
G402_43362.23357366_9_19_6_29_17.wav,7.331360544,7.506621315,b
G402_43362.23357366_9_19_6_29_17.wav,7.545895692,7.632494331,c
G402_43362.23357366_9_19_6_29_17.wav,7.650340136,7.806145125,d
G402_43362.23357366_9_19_6_29_17.wav,7.868072562,7.950975057,e
G402_43362.23357366_9_19_6_29_17.wav,7.977301587,8.113764172,f
G402_43362.23370676_9_19_6_29_30.wav,4.54E-05,0.041768707,i
G402_43362.23370676_9_19_6_29_30.wav,0.103945578,0.161156463,i
G402_43362.23370676_9_19_6_29_30.wav,0.229614512,0.288344671,i
G402_43362.23370676_9_19_6_29_30.wav,0.338548753,0.393356009,i
G402_43362.23370676_9_19_6_29_30.wav,0.418888889,0.483605442,a
G402_43362.23370676_9_19_6_29_30.wav,0.498072562,0.665873016,b
G402_43362.23370676_9_19_6_29_30.wav,0.70521542,0.794331066,c
G402_43362.23370676_9_19_6_29_30.wav,0.806689342,0.966122449,d
G402_43362.23370676_9_19_6_29_30.wav,1.205600907,1.259251701,g
G402_43362.23370676_9_19_6_29_30.wav,1.407823129,1.461020408,i
G402_43362.23370676_9_19_6_29_30.wav,1.485192744,1.544104308,a
G402_43362.23370676_9_19_6_29_30.wav,1.558435374,1.741950113,b
G402_43362.23370676_9_19_6_29_30.wav,1.774217687,1.863356009,c
G402_43362.23370676_9_19_6_29_30.wav,1.879365079,2.032176871,d
G402_43362.23370676_9_19_6_29_30.wav,2.088662132,2.177505669,e
G402_43362.23370676_9_19_6_29_30.wav,2.201972789,2.338752834,d
G402_43362.23370676_9_19_6_29_30.wav,2.396598639,2.457029478,a
G402_43362.23370676_9_19_6_29_30.wav,2.469002268,2.65106576,b
G402_43362.23370676_9_19_6_29_30.wav,2.682993197,2.775283447,c
G402_43362.23370676_9_19_6_29_30.wav,2.788820862,2.951655329,d
G402_43362.23370676_9_19_6_29_30.wav,3.57031746,3.629455782,g
G402_43362.23370676_9_19_6_29_30.wav,3.793718821,3.850816327,i
G402_43362.23370676_9_19_6_29_30.wav,3.900136054,3.954535147,i
G402_43362.23370676_9_19_6_29_30.wav,3.983469388,4.044875283,a
G402_43362.23370676_9_19_6_29_30.wav,4.059954649,4.233900227,b
G402_43362.23370676_9_19_6_29_30.wav,4.273900227,4.361791383,c
G402_43362.23370676_9_19_6_29_30.wav,4.377709751,4.531791383,d
G402_43362.23370676_9_19_6_29_30.wav,4.895668934,4.957709751,i
G402_43362.23370676_9_19_6_29_30.wav,4.998571429,5.04893424,i
G402_43362.23370676_9_19_6_29_30.wav,5.079024943,5.136485261,i
G402_43362.23370676_9_19_6_29_30.wav,5.163061224,5.222585034,a
G402_43362.23370676_9_19_6_29_30.wav,5.236530612,5.41,b
G402_43362.23370676_9_19_6_29_30.wav,5.449183673,5.546077098,c
G402_43362.23370676_9_19_6_29_30.wav,5.558049887,5.72015873,d
G402_43362.23370676_9_19_6_29_30.wav,5.950861678,6.005827664,g
G402_43362.23370676_9_19_6_29_30.wav,7.02569161,7.085147392,g
G402_43362.23370676_9_19_6_29_30.wav,7.274739229,7.335011338,i
G402_43362.23370676_9_19_6_29_30.wav,7.39521542,7.45170068,i
G402_43362.23370676_9_19_6_29_30.wav,7.477573696,7.543696145,a
G402_43362.23370676_9_19_6_29_30.wav,7.55478458,7.729183673,b
G402_43362.23370676_9_19_6_29_30.wav,7.768390023,7.861201814,c
G402_43362.23370676_9_19_6_29_30.wav,7.877687075,8.033424036,d
G402_43362.23370676_9_19_6_29_30.wav,8.080340136,8.16984127,e
G402_43362.23370676_9_19_6_29_30.wav,8.181723356,8.309546485,f
G402_43362.23370676_9_19_6_29_30.wav,8.727981859,8.784943311,i
G402_43362.23370676_9_19_6_29_30.wav,8.843333333,8.904217687,i
G402_43362.23370676_9_19_6_29_30.wav,8.92723356,8.986281179,a
G402_43362.23370676_9_19_6_29_30.wav,9.001927438,9.175555556,b
G402_43362.23370676_9_19_6_29_30.wav,9.21861678,9.306235828,c
G402_43362.23370676_9_19_6_29_30.wav,9.322335601,9.483628118,d
G402_43362.23370676_9_19_6_29_30.wav,9.540793651,9.625646259,e
G402_43362.23370676_9_19_6_29_30.wav,9.644920635,9.782879819,f
G402_43362.23370676_9_19_6_29_30.wav,9.848684807,9.915124717,a
G402_43362.23370676_9_19_6_29_30.wav,9.924943311,10.108322,b
G402_43362.23370676_9_19_6_29_30.wav,10.14147392,10.22777778,c
G402_43362.23370676_9_19_6_29_30.wav,10.24335601,10.4052381,d
G402_43362.23370676_9_19_6_29_30.wav,10.8568254,10.91732426,g
G402_43362.23370676_9_19_6_29_30.wav,11.38321995,11.43829932,i
G402_43362.23370676_9_19_6_29_30.wav,11.49829932,11.55560091,i
G402_43362.23370676_9_19_6_29_30.wav,11.58181406,11.63945578,a
G402_43362.23370676_9_19_6_29_30.wav,11.65598639,11.839161,b
G402_43362.23370676_9_19_6_29_30.wav,11.87045351,11.95972789,c
G402_43362.23370676_9_19_6_29_30.wav,11.97192744,12.13238095,d
G402_43362.23370676_9_19_6_29_30.wav,12.3214966,12.37748299,g
G402_43362.23370676_9_19_6_29_30.wav,12.59839002,12.67947846,e
G402_43362.23370676_9_19_6_29_30.wav,12.77845805,12.82623583,i
G402_43362.23370676_9_19_6_29_30.wav,12.8544898,12.91897959,a
G402_43362.23370676_9_19_6_29_30.wav,12.93077098,13.11294785,b
G402_43362.23370676_9_19_6_29_30.wav,13.14791383,13.24031746,c
G402_43362.23370676_9_19_6_29_30.wav,13.25714286,13.41369615,d
G402_43362.23370676_9_19_6_29_30.wav,13.88278912,13.9454195,i
G402_43362.23370676_9_19_6_29_30.wav,13.99122449,14.04984127,i
G402_43362.23370676_9_19_6_29_30.wav,14.079161,14.1445805,a
G402_43362.23370676_9_19_6_29_30.wav,14.15759637,14.33170068,b
G402_43362.23370676_9_19_6_29_30.wav,14.371678,14.45081633,c
G402_43362.23390659_9_19_6_29_50.wav,1.441428571,1.502335601,i
G402_43362.23390659_9_19_6_29_50.wav,1.555464853,1.621746032,i
G402_43362.23390659_9_19_6_29_50.wav,1.669365079,1.730362812,i
G402_43362.23390659_9_19_6_29_50.wav,1.782131519,1.837210884,i
G402_43362.23390659_9_19_6_29_50.wav,1.862494331,1.923356009,a
G402_43362.23390659_9_19_6_29_50.wav,1.936281179,2.117528345,b
G402_43362.23390659_9_19_6_29_50.wav,2.157505669,2.247573696,c
G402_43362.23390659_9_19_6_29_50.wav,2.258367347,2.414172336,d
G402_43362.23390659_9_19_6_29_50.wav,2.467301587,2.552653061,e
G402_43362.23390659_9_19_6_29_50.wav,2.573582766,2.704648526,f
G402_43362.23390659_9_19_6_29_50.wav,2.76324263,2.825986395,a
G402_43362.23390659_9_19_6_29_50.wav,2.838276644,3.017165533,b
G402_43362.23390659_9_19_6_29_50.wav,3.054353741,3.149342404,c
G402_43362.23390659_9_19_6_29_50.wav,3.158412698,3.31829932,d
G402_43362.23390659_9_19_6_29_50.wav,3.597052154,3.65569161,g
G402_43362.23390659_9_19_6_29_50.wav,3.825941043,3.885442177,i
G402_43362.23390659_9_19_6_29_50.wav,3.909047619,3.9761678,a
G402_43362.23390659_9_19_6_29_50.wav,3.984376417,4.164263039,b
G402_43362.23390659_9_19_6_29_50.wav,4.199160998,4.291269841,c
G402_43362.23390659_9_19_6_29_50.wav,4.308276644,4.465192744,d
G402_43362.23390659_9_19_6_29_50.wav,4.525102041,4.613968254,e
G402_43362.23390659_9_19_6_29_50.wav,4.631451247,4.769546485,f
G402_43362.23400788_9_19_6_30_0.wav,4.54E-05,0.057664399,i
G402_43362.23400788_9_19_6_30_0.wav,0.113560091,0.174263039,i
G402_43362.23400788_9_19_6_30_0.wav,0.238117914,0.300090703,i
G402_43362.23400788_9_19_6_30_0.wav,0.378049887,0.431247166,i
G402_43362.23400788_9_19_6_30_0.wav,0.457505669,0.51952381,a
G402_43362.23400788_9_19_6_30_0.wav,0.532403628,0.707346939,b
G402_43362.23400788_9_19_6_30_0.wav,0.745600907,0.832811791,c
G402_43362.23400788_9_19_6_30_0.wav,0.843560091,1.001111111,d
G402_43362.23400788_9_19_6_30_0.wav,1.055442177,1.141995465,e
G402_43362.23400788_9_19_6_30_0.wav,1.160340136,1.294331066,f
G402_43362.23400788_9_19_6_30_0.wav,1.355736961,1.418412698,a
G402_43362.23400788_9_19_6_30_0.wav,1.429115646,1.611496599,b
G402_43362.23400788_9_19_6_30_0.wav,1.643854875,1.736371882,c
G402_43362.23400788_9_19_6_30_0.wav,1.74893424,1.909092971,d
G402_43362.23400788_9_19_6_30_0.wav,2.038798186,2.097913832,g
G402_43362.23400788_9_19_6_30_0.wav,2.269659864,2.325578231,i
G402_43362.23400788_9_19_6_30_0.wav,2.350702948,2.419092971,a
G402_43362.23400788_9_19_6_30_0.wav,2.42755102,2.606666667,b
G402_43362.23400788_9_19_6_30_0.wav,2.644716553,2.735192744,c
G402_43362.23400788_9_19_6_30_0.wav,2.747369615,2.91015873,d
G402_43362.23400788_9_19_6_30_0.wav,2.958276644,3.046349206,e
G402_43362.23400788_9_19_6_30_0.wav,3.068185941,3.20600907,f
G402_43362.23400788_9_19_6_30_0.wav,3.743605442,3.807120181,i
G402_43362.23400788_9_19_6_30_0.wav,3.849977324,3.902312925,i
G402_43362.23400788_9_19_6_30_0.wav,3.927891156,3.988911565,a
G402_43362.23400788_9_19_6_30_0.wav,4.00276644,4.181904762,b
G402_43362.23400788_9_19_6_30_0.wav,4.222335601,4.310385488,c
G402_43362.23400788_9_19_6_30_0.wav,4.322947846,4.481950113,d
G402_43362.23400788_9_19_6_30_0.wav,4.541315193,4.638435374,e
G402_43362.23400788_9_19_6_30_0.wav,4.660770975,4.803628118,f
G402_43362.23400788_9_19_6_30_0.wav,5.089818594,5.148548753,g
G402_43362.23400788_9_19_6_30_0.wav,6.009365079,6.074376417,g
G402_43362.23400788_9_19_6_30_0.wav,7.214399093,7.276530612,i
G402_43362.23400788_9_19_6_30_0.wav,7.33814059,7.398662132,i
G402_43362.23400788_9_19_6_30_0.wav,7.45553288,7.509931973,i
G402_43362.23400788_9_19_6_30_0.wav,7.537482993,7.599637188,a
G402_43362.23400788_9_19_6_30_0.wav,7.610816327,7.78430839,b
G402_43362.23400788_9_19_6_30_0.wav,7.825260771,7.913650794,c
G402_43362.23400788_9_19_6_30_0.wav,7.927210884,8.087324263,d
G402_43362.23400788_9_19_6_30_0.wav,8.136439909,8.229070295,e
G402_43362.23400788_9_19_6_30_0.wav,8.251609977,8.385555556,f
G402_43362.23400788_9_19_6_30_0.wav,8.450929705,8.517596372,a
G402_43362.23400788_9_19_6_30_0.wav,8.525714286,8.70968254,b
G402_43362.23400788_9_19_6_30_0.wav,8.742086168,8.836031746,c
G402_43362.23400788_9_19_6_30_0.wav,8.847369615,9.01185941,d
G402_43362.23400788_9_19_6_30_0.wav,9.518798186,9.582743764,i
G402_43362.23400788_9_19_6_30_0.wav,9.618276644,9.673968254,i
G402_43362.23400788_9_19_6_30_0.wav,9.708480726,9.766077098,a
G402_43362.23400788_9_19_6_30_0.wav,9.777528345,9.951746032,b
G402_43362.23429249_9_19_6_30_29.wav,4.54E-05,0.046371882,i
G402_43362.23429249_9_19_6_30_29.wav,0.119387755,0.187052154,i
G402_43362.23429249_9_19_6_30_29.wav,0.248752834,0.322630385,i
G402_43362.23429249_9_19_6_30_29.wav,0.387346939,0.44952381,i
G402_43362.23429249_9_19_6_30_29.wav,0.524512472,0.577528345,i
G402_43362.23429249_9_19_6_30_29.wav,0.604217687,0.663673469,a
G402_43362.23429249_9_19_6_30_29.wav,0.677052154,0.857324263,b
G402_43362.23429249_9_19_6_30_29.wav,0.891088435,0.9861678,c
G402_43362.23429249_9_19_6_30_29.wav,1.001133787,1.160680272,d
G402_43362.23429249_9_19_6_30_29.wav,1.208843537,1.299909297,e
G402_43362.23429249_9_19_6_30_29.wav,1.323038549,1.465895692,f
G402_43362.23429249_9_19_6_30_29.wav,1.521814059,1.587777778,a
G402_43362.23429249_9_19_6_30_29.wav,1.59585034,1.779274376,b
G402_43362.23429249_9_19_6_30_29.wav,1.816553288,1.906213152,c
G402_43362.23429249_9_19_6_30_29.wav,1.922698413,2.081972789,d
G402_43362.23429249_9_19_6_30_29.wav,2.570430839,2.631723356,i
G402_43362.23429249_9_19_6_30_29.wav,2.675873016,2.734512472,i
G402_43362.23429249_9_19_6_30_29.wav,2.756417234,2.822743764,a
G402_43362.23429249_9_19_6_30_29.wav,2.835351474,3.013628118,b
G402_43362.23429249_9_19_6_30_29.wav,3.054376417,3.14414966,c
G402_43362.23429249_9_19_6_30_29.wav,3.156553288,3.317641723,d
G402_43362.23429249_9_19_6_30_29.wav,3.382222222,3.479886621,e
G402_43362.23429249_9_19_6_30_29.wav,3.491269841,3.629047619,f
G402_43362.23429249_9_19_6_30_29.wav,3.693424036,3.75739229,a
G402_43362.23429249_9_19_6_30_29.wav,3.769546485,3.957709751,b
G402_43362.23429249_9_19_6_30_29.wav,3.986122449,4.07723356,c
G402_43362.23429249_9_19_6_30_29.wav,4.093900227,4.253696145,d
G402_43362.23429249_9_19_6_30_29.wav,4.498752834,4.55122449,g
G402_43362.23429249_9_19_6_30_29.wav,4.741519274,4.796031746,i
G402_43362.23429249_9_19_6_30_29.wav,4.826417234,4.89600907,a
G402_43362.23429249_9_19_6_30_29.wav,4.903809524,5.089455782,b
G402_43362.23429249_9_19_6_30_29.wav,5.125328798,5.213764172,c
G402_43362.23429249_9_19_6_30_29.wav,5.229092971,5.386938776,d
G402_43362.23429249_9_19_6_30_29.wav,5.445306122,5.535510204,e
G402_43362.23429249_9_19_6_30_29.wav,5.559297052,5.694965986,f
G402_43362.23429249_9_19_6_30_29.wav,5.757188209,5.822040816,a
G402_43362.23429249_9_19_6_30_29.wav,5.831723356,6.017845805,b
G402_43362.23429249_9_19_6_30_29.wav,6.051723356,6.141904762,c
G402_43362.23429249_9_19_6_30_29.wav,6.158820862,6.319387755,d
G402_43362.23429249_9_19_6_30_29.wav,6.601292517,6.657482993,g
G402_43362.23429249_9_19_6_30_29.wav,6.776621315,6.83106576,i
G402_43362.23429249_9_19_6_30_29.wav,6.85861678,6.925804989,a
G402_43362.23429249_9_19_6_30_29.wav,6.935124717,7.111791383,b
G402_43362.23429249_9_19_6_30_29.wav,7.154648526,7.244013605,c
G402_43362.23429249_9_19_6_30_29.wav,7.261678005,7.425192744,d
G402_43362.23429249_9_19_6_30_29.wav,7.471519274,7.566394558,e
G402_43362.23429249_9_19_6_30_29.wav,7.593129252,7.730521542,f
G402_43362.23429249_9_19_6_30_29.wav,7.794716553,7.858185941,a
G402_43362.23429249_9_19_6_30_29.wav,7.870816327,8.053151927,b
G402_43362.23429249_9_19_6_30_29.wav,8.090544218,8.179319728,c
G402_43362.23429249_9_19_6_30_29.wav,8.194399093,8.360045351,d
G402_43362.23429249_9_19_6_30_29.wav,8.881292517,8.942585034,g
G402_43362.23429249_9_19_6_30_29.wav,9.744421769,9.886870748,f
G402_43362.23429249_9_19_6_30_29.wav,10.00478458,10.05807256,i
G402_43362.23429249_9_19_6_30_29.wav,10.08131519,10.1477551,a
G402_43362.23429249_9_19_6_30_29.wav,10.15943311,10.33768707,b
G402_43362.23429249_9_19_6_30_29.wav,10.37439909,10.46303855,c
G402_43362.23429249_9_19_6_30_29.wav,10.47623583,10.63274376,d
G402_43362.23429249_9_19_6_30_29.wav,10.68818594,10.77752834,e
G402_43362.23429249_9_19_6_30_29.wav,10.79759637,10.93560091,f
G402_43362.23429249_9_19_6_30_29.wav,10.99705215,11.05888889,a
G402_43362.23429249_9_19_6_30_29.wav,11.0731746,11.25240363,b
G402_43362.23429249_9_19_6_30_29.wav,11.28911565,11.38394558,c
G402_43362.23429249_9_19_6_30_29.wav,11.39399093,11.55566893,d
G402_43362.23429249_9_19_6_30_29.wav,11.79183673,11.84712018,g
G402_43362.23429249_9_19_6_30_29.wav,12.37970522,12.44077098,i
G402_43362.23429249_9_19_6_30_29.wav,12.50056689,12.55498866,i
G402_43362.23429249_9_19_6_30_29.wav,12.58213152,12.64904762,a
G402_43362.23429249_9_19_6_30_29.wav,12.66004535,12.83854875,b
G402_43362.23429249_9_19_6_30_29.wav,12.87546485,12.97213152,c
G402_43362.23429249_9_19_6_30_29.wav,12.98419501,13.14188209,d
G402_43362.23429249_9_19_6_30_29.wav,13.19403628,13.28795918,e
G402_43362.23429249_9_19_6_30_29.wav,13.30845805,13.45276644,f
G402_43362.23429249_9_19_6_30_29.wav,14.1278458,14.18390023,g
G402_43362.23429249_9_19_6_30_29.wav,14.64063492,14.73018141,g
G402_43362.23429249_9_19_6_30_29.wav,15.0929932,15.15637188,i
G402_43362.23429249_9_19_6_30_29.wav,15.20793651,15.26294785,i
G402_43362.23429249_9_19_6_30_29.wav,15.29526077,15.3576644,a
G402_43362.23429249_9_19_6_30_29.wav,15.37122449,15.55201814,b
G402_43362.23429249_9_19_6_30_29.wav,15.58936508,15.68208617,c
G402_43362.23429249_9_19_6_30_29.wav,15.69176871,15.84984127,d
G402_43362.23429249_9_19_6_30_29.wav,15.90979592,15.99827664,e
G402_43362.23429249_9_19_6_30_29.wav,16.0215873,16.15950113,f
G402_43362.23429249_9_19_6_30_29.wav,16.21829932,16.28473923,a
G402_43362.23429249_9_19_6_30_29.wav,16.29433107,16.47346939,b
G402_43362.23429249_9_19_6_30_29.wav,16.51104308,16.60117914,c
G402_43362.23429249_9_19_6_30_29.wav,16.61818594,16.78312925,d
G402_43362.28572014_9_19_7_56_12.wav,4.54E-05,0.139614512,f
G402_43362.28572014_9_19_7_56_12.wav,0.885804989,0.942562358,i
G402_43362.28572014_9_19_7_56_12.wav,1.126439909,1.187165533,i
G402_43362.28572014_9_19_7_56_12.wav,1.250022676,1.29845805,i
G402_43362.28572014_9_19_7_56_12.wav,1.326349206,1.385328798,a
G402_43362.28572014_9_19_7_56_12.wav,1.403945578,1.579092971,b
G402_43362.28572014_9_19_7_56_12.wav,1.614126984,1.708594104,c
G402_43362.28572014_9_19_7_56_12.wav,1.722517007,1.882743764,d
G402_43362.29574145_9_19_8_12_54.wav,0.192267574,0.246780045,i
G402_43362.29574145_9_19_8_12_54.wav,0.516689342,0.591247166,i
G402_43362.29574145_9_19_8_12_54.wav,0.758117914,0.811020408,i
G402_43362.29574145_9_19_8_12_54.wav,1.114580499,1.172290249,i
G402_43362.29574145_9_19_8_12_54.wav,1.262426304,1.321428571,i
G402_43362.29574145_9_19_8_12_54.wav,1.943038549,1.994693878,i
G402_43362.29574145_9_19_8_12_54.wav,2.059727891,2.112721088,i
G402_43362.29574145_9_19_8_12_54.wav,2.139274376,2.198072562,a
G402_43362.29574145_9_19_8_12_54.wav,2.21462585,2.382131519,b
G402_43362.29615603_9_19_8_13_35.wav,0.305736961,0.354739229,i
G402_43362.29615603_9_19_8_13_35.wav,0.452902494,0.516031746,i
G402_43362.29615603_9_19_8_13_35.wav,0.691564626,0.74968254,i
G402_43362.29615603_9_19_8_13_35.wav,0.855170068,0.913356009,i
G402_43362.29615603_9_19_8_13_35.wav,0.942698413,1.002199546,a
G402_43362.29615603_9_19_8_13_35.wav,1.015260771,1.195396825,b
G402_43362.29615603_9_19_8_13_35.wav,1.227687075,1.315918367,c
G402_43362.29615603_9_19_8_13_35.wav,1.328503401,1.480113379,d
G402_43362.29861683_9_19_8_17_41.wav,0.008956916,0.040952381,i
G402_43362.29861683_9_19_8_17_41.wav,0.232426304,0.287845805,i
G402_43362.29861683_9_19_8_17_41.wav,0.394217687,0.458231293,i
G402_43362.29861683_9_19_8_17_41.wav,0.52739229,0.587505669,i
G402_43362.29861683_9_19_8_17_41.wav,0.650975057,0.707709751,i
G402_43362.29861683_9_19_8_17_41.wav,0.736780045,0.796054422,a
G402_43362.29861683_9_19_8_17_41.wav,0.813786848,0.978798186,b
G402_43362.29861683_9_19_8_17_41.wav,1.021269841,1.111564626,c
G402_43362.29861683_9_19_8_17_41.wav,1.124399093,1.278208617,d
G402_43362.29861683_9_19_8_17_41.wav,1.338911565,1.44122449,e
G402_43362.41878313_9_19_11_37_58.wav,0.000430839,0.050430839,i
G402_43362.41878313_9_19_11_37_58.wav,0.109773243,0.154331066,i
G402_43362.41878313_9_19_11_37_58.wav,0.24462585,0.297324263,i
G402_43362.41878313_9_19_11_37_58.wav,0.351247166,0.405260771,i
G402_43362.41878313_9_19_11_37_58.wav,0.425918367,0.481972789,a
G402_43362.41878313_9_19_11_37_58.wav,0.504104308,0.668480726,b
G402_43362.41878313_9_19_11_37_58.wav,0.712539683,0.799024943,c
G402_43362.41878313_9_19_11_37_58.wav,0.817029478,0.966938776,d
G402_43362.41878313_9_19_11_37_58.wav,1.012879819,1.098979592,e
G402_43362.41878313_9_19_11_37_58.wav,1.129297052,1.263514739,f
G402_43362.41878313_9_19_11_37_58.wav,2.49569161,2.555941043,i
G402_43362.41878313_9_19_11_37_58.wav,2.605986395,2.649501134,i
G402_43362.41878313_9_19_11_37_58.wav,2.685555556,2.745873016,a
G402_43362.41878313_9_19_11_37_58.wav,2.763605442,2.927868481,b
G402_43362.41878313_9_19_11_37_58.wav,2.976054422,3.05952381,c
G402_43362.41878313_9_19_11_37_58.wav,3.07861678,3.225328798,d
G402_43362.41885126_9_19_11_38_5.wav,4.54E-05,0.037687075,i
G402_43362.41885126_9_19_11_38_5.wav,0.093673469,0.135646259,i
G402_43362.41885126_9_19_11_38_5.wav,0.191995465,0.230839002,i
G402_43362.41885126_9_19_11_38_5.wav,0.268117914,0.320113379,i
G402_43362.41885126_9_19_11_38_5.wav,0.348866213,0.40877551,a
G402_43362.41885126_9_19_11_38_5.wav,0.429773243,0.597823129,b
G402_43362.41885126_9_19_11_38_5.wav,0.634376417,0.723673469,c
G402_43362.41885126_9_19_11_38_5.wav,0.740453515,0.893877551,d
G402_43362.41885126_9_19_11_38_5.wav,0.941337868,1.032426304,e
G402_43362.41885126_9_19_11_38_5.wav,1.059501134,1.189705215,f
G402_43362.41885126_9_19_11_38_5.wav,1.274217687,1.334353741,a
G402_43362.41885126_9_19_11_38_5.wav,1.3538322,1.532471655,b
G402_43362.41885126_9_19_11_38_5.wav,1.56739229,1.652698413,c
G402_43362.41885126_9_19_11_38_5.wav,1.670408163,1.819795918,d
G402_43362.41898408_9_19_11_38_18.wav,0.004399093,0.043424036,i
G402_43362.41898408_9_19_11_38_18.wav,0.121723356,0.175487528,i
G402_43362.41898408_9_19_11_38_18.wav,0.259818594,0.313356009,i
G402_43362.41898408_9_19_11_38_18.wav,0.367188209,0.419251701,i
G402_43362.41898408_9_19_11_38_18.wav,0.468072562,0.520975057,i
G402_43362.41898408_9_19_11_38_18.wav,0.550294785,0.600612245,a
G402_43362.41898408_9_19_11_38_18.wav,0.618707483,0.788911565,b
G402_43362.41898408_9_19_11_38_18.wav,0.834058957,0.915238095,c
G402_43362.41898408_9_19_11_38_18.wav,0.932040816,1.0830839,d
G402_43362.41898408_9_19_11_38_18.wav,1.143582766,1.226258503,e
G402_43362.41898408_9_19_11_38_18.wav,1.253401361,1.38829932,f
G402_43362.41898408_9_19_11_38_18.wav,1.45707483,1.516870748,a
G402_43362.41898408_9_19_11_38_18.wav,1.532312925,1.711201814,b
G402_43362.41898408_9_19_11_38_18.wav,1.744512472,1.833469388,c
G402_43362.41898408_9_19_11_38_18.wav,1.854988662,2.009750567,d
G402_43362.41898408_9_19_11_38_18.wav,2.745804989,2.804240363,i
G402_43362.41898408_9_19_11_38_18.wav,2.864557823,2.919954649,i
G402_43362.41898408_9_19_11_38_18.wav,2.945283447,3.002403628,a
G402_43362.41898408_9_19_11_38_18.wav,3.025623583,3.20260771,b
G402_43362.41898408_9_19_11_38_18.wav,3.237891156,3.322154195,c
G402_43362.41898408_9_19_11_38_18.wav,3.340226757,3.496689342,d
G402_43362.41898408_9_19_11_38_18.wav,3.551972789,3.635079365,e
G402_43362.41898408_9_19_11_38_18.wav,4.509614512,4.566938776,i
G402_43362.41898408_9_19_11_38_18.wav,4.618526077,4.673469388,i
G402_43362.41898408_9_19_11_38_18.wav,4.703333333,4.765170068,a
G402_43362.41898408_9_19_11_38_18.wav,4.783219955,4.946780045,b
G402_43362.41898408_9_19_11_38_18.wav,4.99585034,5.079092971,c
G402_43362.41898408_9_19_11_38_18.wav,5.094263039,5.246598639,d
G402_43362.41898408_9_19_11_38_18.wav,5.312403628,5.396349206,e
G402_43362.41898408_9_19_11_38_18.wav,5.41984127,5.545328798,f
G402_43362.41898408_9_19_11_38_18.wav,5.606507937,5.666802721,a
G402_43362.41898408_9_19_11_38_18.wav,5.686235828,5.863922902,b
G402_43362.41898408_9_19_11_38_18.wav,5.897936508,5.979342404,c
G402_43362.41898408_9_19_11_38_18.wav,5.997959184,6.153197279,d
G402_43362.41898408_9_19_11_38_18.wav,6.209591837,6.302131519,e
G402_43362.41907085_9_19_11_38_27.wav,4.54E-05,0.04106576,i
G402_43362.41907085_9_19_11_38_27.wav,0.12260771,0.173287982,i
G402_43362.41907085_9_19_11_38_27.wav,0.224557823,0.277165533,i
G402_43362.41907085_9_19_11_38_27.wav,0.303174603,0.362494331,a
G402_43362.41907085_9_19_11_38_27.wav,0.381632653,0.545238095,b
G402_43362.41907085_9_19_11_38_27.wav,0.590204082,0.675827664,c
G402_43362.41907085_9_19_11_38_27.wav,0.689818594,0.844557823,d
G402_43362.41916736_9_19_11_38_36.wav,4.54E-05,0.131269841,f
G402_43362.41916736_9_19_11_38_36.wav,0.803764172,0.859909297,i
G402_43362.41916736_9_19_11_38_36.wav,0.926054422,0.986190476,i
G402_43362.41916736_9_19_11_38_36.wav,1.036961451,1.086598639,i
G402_43362.41916736_9_19_11_38_36.wav,1.113900227,1.173015873,a
G402_43362.41916736_9_19_11_38_36.wav,1.189591837,1.353718821,b
G402_43362.41916736_9_19_11_38_36.wav,1.401133787,1.484739229,c
G402_43362.41916736_9_19_11_38_36.wav,1.504240363,1.659433107,d
G402_43362.41916736_9_19_11_38_36.wav,1.712834467,1.799614512,e
G402_43362.41916736_9_19_11_38_36.wav,1.831111111,1.962267574,f
G402_43362.41922523_9_19_11_38_42.wav,1.882403628,2.018004535,f
G402_43362.41922523_9_19_11_38_42.wav,2.537528345,2.590136054,i
G402_43362.41922523_9_19_11_38_42.wav,2.671088435,2.720657596,i
G402_43362.41922523_9_19_11_38_42.wav,2.751201814,2.804399093,i
G402_43362.41922523_9_19_11_38_42.wav,2.830544218,2.887959184,a
G402_43362.41922523_9_19_11_38_42.wav,2.907868481,3.071678005,b
G402_43362.41922523_9_19_11_38_42.wav,3.113197279,3.199614512,c
G402_43362.41922523_9_19_11_38_42.wav,3.215419501,3.367709751,d
G402_43362.41922523_9_19_11_38_42.wav,3.422086168,3.50430839,e
G402_43362.41922523_9_19_11_38_42.wav,3.541020408,3.669365079,f
G402_43362.41930389_9_19_11_38_50.wav,4.54E-05,0.129546485,f
G402_43362.41930389_9_19_11_38_50.wav,0.504285714,0.557437642,i
G402_43362.41930389_9_19_11_38_50.wav,0.630249433,0.677482993,i
G402_43362.41930389_9_19_11_38_50.wav,0.708639456,0.765941043,a
G402_43362.41930389_9_19_11_38_50.wav,0.787188209,0.962040816,b
G402_43362.41930389_9_19_11_38_50.wav,0.997278912,1.080702948,c
G402_43362.41930389_9_19_11_38_50.wav,1.098911565,1.252947846,d
G402_43362.41930389_9_19_11_38_50.wav,1.321609977,1.380113379,a
G402_43362.41930389_9_19_11_38_50.wav,1.401133787,1.576961451,b
G402_43362.41930389_9_19_11_38_50.wav,1.611315193,1.698662132,c
G402_43362.41930389_9_19_11_38_50.wav,1.713151927,1.867981859,d
G402_43362.43155305_9_19_11_59_15.wav,0.000136054,0.058435374,i
G402_43362.43155305_9_19_11_59_15.wav,0.136575964,0.194920635,i
G402_43362.43155305_9_19_11_59_15.wav,0.326371882,0.37324263,i
G402_43362.43155305_9_19_11_59_15.wav,0.401564626,0.461201814,a
G402_43362.43155305_9_19_11_59_15.wav,0.478594104,0.645873016,b
G402_43362.43155305_9_19_11_59_15.wav,0.690521542,0.771179138,c
G402_43362.43155305_9_19_11_59_15.wav,0.788843537,0.942267574,d
G402_43362.43155305_9_19_11_59_15.wav,1.984739229,2.030249433,i
G402_43362.43155305_9_19_11_59_15.wav,2.123764172,2.176281179,i
G402_43362.43155305_9_19_11_59_15.wav,2.19893424,2.255873016,a
G402_43362.43155305_9_19_11_59_15.wav,2.277301587,2.442857143,b
G402_43362.43162829_9_19_11_59_22.wav,4.54E-05,0.128956916,f
G402_43362.43162829_9_19_11_59_22.wav,0.517573696,0.577324263,i
G402_43362.43162829_9_19_11_59_22.wav,0.669795918,0.73399093,i
G402_43362.43162829_9_19_11_59_22.wav,0.790294785,0.831814059,i
G402_43362.43162829_9_19_11_59_22.wav,0.864172336,0.920226757,a
G402_43362.43162829_9_19_11_59_22.wav,0.941496599,1.104036281,b
G402_43362.43162829_9_19_11_59_22.wav,1.148684807,1.231655329,c
G402_43362.43162829_9_19_11_59_22.wav,1.245578231,1.399342404,d
G402_43362.43162829_9_19_11_59_22.wav,1.458571429,1.549818594,e
G402_43362.43162829_9_19_11_59_22.wav,1.574263039,1.705011338,f
G402_43362.43162829_9_19_11_59_22.wav,1.778163265,1.839047619,a
G402_43362.43162829_9_19_11_59_22.wav,1.8538322,2.029274376,b
G402_43362.43162829_9_19_11_59_22.wav,2.065238095,2.15446712,c
G402_43362.43162829_9_19_11_59_22.wav,2.168684807,2.323673469,d
G402_43362.43169117_9_19_11_59_29.wav,0.00047619,0.049160998,i
G402_43362.43169117_9_19_11_59_29.wav,0.141995465,0.198253968,i
G402_43362.43169117_9_19_11_59_29.wav,0.61723356,0.673854875,i
G402_43362.43169117_9_19_11_59_29.wav,0.72984127,0.773424036,i
G402_43362.43169117_9_19_11_59_29.wav,0.807278912,0.864512472,a
G402_43362.43169117_9_19_11_59_29.wav,0.881269841,1.048526077,b
G402_43362.43169117_9_19_11_59_29.wav,1.094965986,1.177755102,c
G402_43362.43169117_9_19_11_59_29.wav,1.195011338,1.347505669,d
G402_43362.43169117_9_19_11_59_29.wav,1.406303855,1.500657596,e
G402_43362.43169117_9_19_11_59_29.wav,1.543628118,1.604829932,a
G402_43362.43169117_9_19_11_59_29.wav,1.617460317,1.786235828,b
G402_43362.43169117_9_19_11_59_29.wav,1.832403628,1.914285714,c
G402_43362.43169117_9_19_11_59_29.wav,1.934195011,2.089274376,d
G402_43362.43176125_9_19_11_59_36.wav,4.54E-05,0.043492063,i
G402_43362.43176125_9_19_11_59_36.wav,0.308548753,0.36845805,i
G402_43362.43176125_9_19_11_59_36.wav,0.585986395,0.638979592,i
G402_43362.43176125_9_19_11_59_36.wav,0.687324263,0.7361678,i
G402_43362.43176125_9_19_11_59_36.wav,0.796802721,0.842993197,i
G402_43362.43176125_9_19_11_59_36.wav,0.873560091,0.924988662,a
G402_43362.43176125_9_19_11_59_36.wav,0.947732426,1.110385488,b
G402_43362.43176125_9_19_11_59_36.wav,1.16031746,1.247029478,c
G402_43362.43176125_9_19_11_59_36.wav,1.260498866,1.355873016,d
G402_43362.43316249_9_19_12_1_56.wav,4.54E-05,0.070136054,f
G402_43362.43316249_9_19_12_1_56.wav,0.477052154,0.531428571,i
G402_43362.43316249_9_19_12_1_56.wav,1.279954649,1.322970522,i
G402_43362.43316249_9_19_12_1_56.wav,1.508798186,1.554716553,i
G402_43362.43316249_9_19_12_1_56.wav,1.630725624,1.684240363,i
G402_43362.43316249_9_19_12_1_56.wav,1.750294785,1.79755102,i
G402_43362.43316249_9_19_12_1_56.wav,1.822721088,1.879614512,a
G402_43362.43316249_9_19_12_1_56.wav,1.900362812,2.06015873,b
G402_43362.43316249_9_19_12_1_56.wav,2.106099773,2.189183673,c
G402_43362.43316249_9_19_12_1_56.wav,2.204444444,2.360408163,d
G402_43362.43316249_9_19_12_1_56.wav,2.414444444,2.508321995,e
G402_43362.43316249_9_19_12_1_56.wav,2.552222222,2.607755102,a
G402_43362.43316249_9_19_12_1_56.wav,2.628730159,2.80414966,b
G402_43362.43316249_9_19_12_1_56.wav,2.848208617,2.932040816,c
G402_43362.43316249_9_19_12_1_56.wav,2.949977324,3.102539683,d
G402_43362.43383748_9_19_12_3_3.wav,4.54E-05,0.056099773,g
G402_43362.43383748_9_19_12_3_3.wav,1.579886621,1.63292517,i
G402_43362.43383748_9_19_12_3_3.wav,1.716349206,1.765464853,i
G402_43362.43383748_9_19_12_3_3.wav,1.856893424,1.910589569,i
G402_43362.43383748_9_19_12_3_3.wav,2.069863946,2.123854875,i
G402_43362.43383748_9_19_12_3_3.wav,2.186303855,2.230453515,i
G402_43362.43383748_9_19_12_3_3.wav,2.261791383,2.323605442,a
G402_43362.43383748_9_19_12_3_3.wav,2.335873016,2.50430839,b
G402_43362.43429882_9_19_12_3_49.wav,0.135895692,0.188231293,i
G402_43362.43429882_9_19_12_3_49.wav,0.417142857,0.472018141,i
G402_43362.43429882_9_19_12_3_49.wav,0.683673469,0.741292517,i
G402_43362.43429882_9_19_12_3_49.wav,0.823333333,0.882834467,i
G402_43362.43429882_9_19_12_3_49.wav,0.958866213,1.014489796,i
G402_43362.43429882_9_19_12_3_49.wav,1.043469388,1.107188209,a
G402_43362.43429882_9_19_12_3_49.wav,1.117596372,1.29154195,b
G402_43362.43429882_9_19_12_3_49.wav,1.326235828,1.411632653,c
G402_43362.43429882_9_19_12_3_49.wav,1.428117914,1.583809524,d
G402_43362.43429882_9_19_12_3_49.wav,1.649410431,1.740498866,e
G402_43362.43429882_9_19_12_3_49.wav,1.759433107,1.900544218,f
G402_43362.43442140_9_19_12_4_2.wav,4.54E-05,0.046984127,i
G402_43362.43442140_9_19_12_4_2.wav,0.268888889,0.333854875,i
G402_43362.43442140_9_19_12_4_2.wav,0.407687075,0.464852608,i
G402_43362.43442140_9_19_12_4_2.wav,0.518866213,0.565963719,i
G402_43362.43442140_9_19_12_4_2.wav,0.596802721,0.657482993,a
G402_43362.43442140_9_19_12_4_2.wav,0.668843537,0.8469161,b
G402_43362.43442140_9_19_12_4_2.wav,0.877165533,0.967573696,c
G402_43362.43442140_9_19_12_4_2.wav,0.978526077,1.132902494,d
G402_43362.43442140_9_19_12_4_2.wav,1.19244898,1.274376417,e
G402_43362.43442140_9_19_12_4_2.wav,1.289931973,1.427414966,f
G402_43362.43475243_9_19_12_4_35.wav,0.003219955,0.147482993,f
G402_43362.43475243_9_19_12_4_35.wav,0.864104308,0.917346939,i
G402_43362.43475243_9_19_12_4_35.wav,0.98047619,1.035827664,i
G402_43362.43475243_9_19_12_4_35.wav,1.094875283,1.139727891,i
G402_43362.43475243_9_19_12_4_35.wav,1.164807256,1.224081633,a
G402_43362.43475243_9_19_12_4_35.wav,1.233333333,1.409365079,b
G402_43362.43475243_9_19_12_4_35.wav,1.447256236,1.533492063,c
G402_43362.43475243_9_19_12_4_35.wav,1.544648526,1.701292517,d
G402_43362.43475243_9_19_12_4_35.wav,1.753492063,1.841133787,e
G402_43362.43475243_9_19_12_4_35.wav,1.877097506,1.938253968,a
G402_43362.43475243_9_19_12_4_35.wav,1.94984127,2.125782313,b
G402_43362.43560100_9_19_12_6_0.wav,4.54E-05,0.036349206,i
G402_43362.43560100_9_19_12_6_0.wav,0.19675737,0.254376417,i
G402_43362.43560100_9_19_12_6_0.wav,0.462086168,0.519297052,i
G402_43362.43560100_9_19_12_6_0.wav,0.612721088,0.667256236,i
G402_43362.43560100_9_19_12_6_0.wav,0.722403628,0.766303855,i
G402_43362.43560100_9_19_12_6_0.wav,0.804852608,0.853106576,a
G402_43362.43560100_9_19_12_6_0.wav,0.873378685,1.033401361,b
G402_43362.43560100_9_19_12_6_0.wav,1.077324263,1.159297052,c
G402_43362.43560100_9_19_12_6_0.wav,1.178571429,1.330181406,d
G402_43362.43560100_9_19_12_6_0.wav,1.391678005,1.481836735,e
G402_43362.43560100_9_19_12_6_0.wav,1.513764172,1.641609977,f
G402_43362.43560100_9_19_12_6_0.wav,3.262154195,3.304852608,i
G402_43362.43560100_9_19_12_6_0.wav,3.379455782,3.427664399,i
G402_43362.43560100_9_19_12_6_0.wav,3.470612245,3.518752834,i
G402_43362.43560100_9_19_12_6_0.wav,3.545011338,3.602086168,a
G402_43362.43560100_9_19_12_6_0.wav,3.620907029,3.782403628,b
G402_43362.43560100_9_19_12_6_0.wav,3.828752834,3.910634921,c
G402_43362.43560100_9_19_12_6_0.wav,3.928798186,4.082834467,d
G402_43362.43560100_9_19_12_6_0.wav,4.130634921,4.213673469,e
G402_43362.43560100_9_19_12_6_0.wav,4.247936508,4.377142857,f
G402_43362.43560100_9_19_12_6_0.wav,4.433718821,4.491927438,a
G402_43362.43560100_9_19_12_6_0.wav,4.512993197,4.677029478,b
G402_43362.43560100_9_19_12_6_0.wav,4.71968254,4.80537415,c
G402_43362.43560100_9_19_12_6_0.wav,4.823605442,4.979637188,d
G402_43362.43571922_9_19_12_6_11.wav,0.00031746,0.047709751,i
G402_43362.43571922_9_19_12_6_11.wav,0.12829932,0.175918367,i
G402_43362.43571922_9_19_12_6_11.wav,0.249138322,0.296643991,i
G402_43362.43571922_9_19_12_6_11.wav,0.325555556,0.383582766,a
G402_43362.43571922_9_19_12_6_11.wav,0.401791383,0.570430839,b
G402_43362.43571922_9_19_12_6_11.wav,0.609047619,0.692970522,c
G402_43362.43571922_9_19_12_6_11.wav,0.713809524,0.863786848,d
G402_43362.43571922_9_19_12_6_11.wav,2.136371882,2.191723356,i
G402_43362.43571922_9_19_12_6_11.wav,2.251020408,2.298390023,i
G402_43362.43571922_9_19_12_6_11.wav,2.33185941,2.38154195,a
G402_43362.43571922_9_19_12_6_11.wav,2.401587302,2.563514739,b
G402_43362.43571922_9_19_12_6_11.wav,2.608684807,2.690136054,c
G402_43362.43571922_9_19_12_6_11.wav,2.707120181,2.851337868,d
G402_43362.43571922_9_19_12_6_11.wav,2.912743764,2.996689342,e
G402_43362.43571922_9_19_12_6_11.wav,3.020770975,3.149614512,f
G402_43362.43571922_9_19_12_6_11.wav,3.536825397,3.588321995,g
G402_43362.43571922_9_19_12_6_11.wav,3.709092971,3.755238095,i
G402_43362.43571922_9_19_12_6_11.wav,3.781043084,3.837641723,a
G402_43362.43571922_9_19_12_6_11.wav,3.86276644,4.025578231,b
G402_43362.43571922_9_19_12_6_11.wav,4.072721088,4.162154195,c
G402_43362.43571922_9_19_12_6_11.wav,4.174263039,4.32446712,d
G402_43362.43571922_9_19_12_6_11.wav,4.382539683,4.472244898,e
G402_43362.43571922_9_19_12_6_11.wav,4.526235828,4.57585034,a
G402_43362.43571922_9_19_12_6_11.wav,4.598276644,4.761836735,b
G402_43362.43586086_9_19_12_6_26.wav,0.004875283,0.138117914,f
G402_43362.43586086_9_19_12_6_26.wav,1.342063492,1.387732426,i
G402_43362.43586086_9_19_12_6_26.wav,1.458367347,1.508752834,i
G402_43362.43586086_9_19_12_6_26.wav,1.558117914,1.609433107,i
G402_43362.43586086_9_19_12_6_26.wav,1.653061224,1.704852608,i
G402_43362.43586086_9_19_12_6_26.wav,1.737709751,1.786371882,a
G402_43362.43586086_9_19_12_6_26.wav,1.808185941,1.976712018,b
G402_43362.43586086_9_19_12_6_26.wav,2.011904762,2.095646259,c
G402_43362.43586086_9_19_12_6_26.wav,2.114761905,2.263174603,d
G402_43362.43586086_9_19_12_6_26.wav,2.31893424,2.402176871,e
G402_43362.43586086_9_19_12_6_26.wav,2.433809524,2.563446712,f
