,files,onsets,offsets,labels
0,R402_43362.25774400_9_19_7_9_34.wav,1.59591836734694,1.84600907029478,g
1,R402_43362.25774400_9_19_7_9_34.wav,2.67657596371882,2.72562358276644,i
2,R402_43362.25774400_9_19_7_9_34.wav,2.79562358276644,2.83492063492064,i
3,R402_43362.25774400_9_19_7_9_34.wav,2.90131519274376,2.95362811791383,a
4,R402_43362.25774400_9_19_7_9_34.wav,2.97902494331066,3.1458956916099803,b
5,R402_43362.25774400_9_19_7_9_34.wav,3.17081632653061,3.27136054421769,c
6,R402_43362.25774400_9_19_7_9_34.wav,3.30934240362812,3.4094104308390003,d
7,R402_43362.25774400_9_19_7_9_34.wav,3.42290249433107,3.59308390022676,e
8,R402_43362.25774400_9_19_7_9_34.wav,4.20315192743764,4.2763718820861705,i
9,R402_43362.25774400_9_19_7_9_34.wav,4.40671201814059,4.44160997732426,i
10,R402_43362.25774400_9_19_7_9_34.wav,4.50691609977324,4.55927437641723,a
11,R402_43362.25774400_9_19_7_9_34.wav,4.57986394557823,4.7564399092970495,b
12,R402_43362.25774400_9_19_7_9_34.wav,4.77730158730159,4.8784126984127,c
13,R402_43362.25774400_9_19_7_9_34.wav,4.92206349206349,5.01650793650794,d
14,R402_43362.25774400_9_19_7_9_34.wav,5.03072562358277,5.20852607709751,e
15,R402_43362.25774400_9_19_7_9_34.wav,10.5583673469388,10.6336961451247,i
16,R402_43362.25774400_9_19_7_9_34.wav,10.7254648526077,10.797074829932,i
17,R402_43362.25774400_9_19_7_9_34.wav,10.9046485260771,10.960680272108801,i
18,R402_43362.25774400_9_19_7_9_34.wav,11.017392290249399,11.074603174603201,a
19,R402_43362.25774400_9_19_7_9_34.wav,11.0925850340136,11.270090702947801,b
20,R402_43362.25774400_9_19_7_9_34.wav,11.285238095238102,11.3917233560091,c
21,R402_43362.25774400_9_19_7_9_34.wav,11.4316099773243,11.531156462585,d
22,R402_43362.25774400_9_19_7_9_34.wav,11.551337868480699,11.7273922902494,e
23,R402_43362.25774400_9_19_7_9_34.wav,11.8579818594104,11.909546485260801,i
24,R402_43362.25774400_9_19_7_9_34.wav,11.958707482993201,12.006235827664401,i
25,R402_43362.25774400_9_19_7_9_34.wav,12.0566213151927,12.114693877551002,a
26,R402_43362.25774400_9_19_7_9_34.wav,12.1342403628118,12.3147845804989,b
27,R402_43362.25774400_9_19_7_9_34.wav,12.329977324263,12.4328117913832,c
28,R402_43362.25774400_9_19_7_9_34.wav,12.4682766439909,12.5669387755102,d
29,R402_43362.25774400_9_19_7_9_34.wav,12.5830839002268,12.7650793650794,e
30,R402_43362.25807505_9_19_7_10_7.wav,3.75410430839002,4.01235827664399,g
31,R402_43362.25807505_9_19_7_10_7.wav,4.540702947845809,4.63167800453515,i
32,R402_43362.25807505_9_19_7_10_7.wav,4.87972789115646,4.97458049886621,i
33,R402_43362.25807505_9_19_7_10_7.wav,5.05147392290249,5.09936507936508,i
34,R402_43362.25807505_9_19_7_10_7.wav,5.16351473922902,5.21802721088435,a
35,R402_43362.25807505_9_19_7_10_7.wav,5.24226757369614,5.4198866213151895,b
36,R402_43362.25807505_9_19_7_10_7.wav,5.43022675736961,5.533628117913829,c
37,R402_43362.25807505_9_19_7_10_7.wav,5.57539682539683,5.6670521541950105,d
38,R402_43362.25807505_9_19_7_10_7.wav,5.68979591836735,5.86990929705215,e
39,R402_43362.25807505_9_19_7_10_7.wav,6.269863945578231,6.32292517006803,i
40,R402_43362.25807505_9_19_7_10_7.wav,6.37224489795918,6.41793650793651,i
41,R402_43362.25807505_9_19_7_10_7.wav,6.485600907029481,6.5440136054421805,a
42,R402_43362.25807505_9_19_7_10_7.wav,6.5689795918367295,6.75467120181406,b
43,R402_43362.25807505_9_19_7_10_7.wav,6.76321995464853,6.86476190476191,c
44,R402_43362.25807505_9_19_7_10_7.wav,6.90442176870748,7.00430839002268,d
45,R402_43362.25807505_9_19_7_10_7.wav,7.02004535147392,7.19850340136054,e
46,R402_43362.25834234_9_19_7_10_34.wav,1.38367346938775,1.45575963718821,i
47,R402_43362.25834234_9_19_7_10_34.wav,1.520589569161,1.59460317460317,i
48,R402_43362.25834234_9_19_7_10_34.wav,1.67539682539683,1.7312925170067999,i
49,R402_43362.25834234_9_19_7_10_34.wav,1.7969160997732398,1.84641723356009,a
50,R402_43362.25834234_9_19_7_10_34.wav,1.86589569160998,2.03875283446712,b
51,R402_43362.25834234_9_19_7_10_34.wav,2.06829931972789,2.16587301587302,c
52,R402_43362.25834234_9_19_7_10_34.wav,2.2114285714285704,2.31102040816327,d
53,R402_43362.25834234_9_19_7_10_34.wav,2.3280952380952398,2.50517006802721,e
54,R402_43362.25834234_9_19_7_10_34.wav,2.62800453514739,2.68480725623583,f
55,R402_43362.25834234_9_19_7_10_34.wav,2.72104308390023,2.77934240362812,i
56,R402_43362.25834234_9_19_7_10_34.wav,2.84310657596372,2.89859410430839,a
57,R402_43362.25834234_9_19_7_10_34.wav,2.92015873015873,3.1173015873015903,b
58,R402_43362.25834234_9_19_7_10_34.wav,3.12238095238095,3.2282086167800497,c
59,R402_43362.25834234_9_19_7_10_34.wav,3.50115646258503,3.57365079365079,i
60,R402_43362.25834234_9_19_7_10_34.wav,3.63258503401361,3.69448979591837,i
61,R402_43362.25834234_9_19_7_10_34.wav,3.74585034013605,3.81253968253968,a
62,R402_43362.25834234_9_19_7_10_34.wav,3.82285714285714,3.99897959183673,b
63,R402_43362.25834234_9_19_7_10_34.wav,4.02746031746032,4.1330385487528405,c
64,R402_43362.25834234_9_19_7_10_34.wav,4.16984126984127,4.2659410430839,d
65,R402_43362.25834234_9_19_7_10_34.wav,4.28530612244898,4.45925170068027,e
66,R402_43362.25834234_9_19_7_10_34.wav,4.99394557823129,5.06700680272109,i
67,R402_43362.25834234_9_19_7_10_34.wav,5.13292517006803,5.19571428571429,i
68,R402_43362.25834234_9_19_7_10_34.wav,5.24832199546485,5.30482993197279,a
69,R402_43362.25834234_9_19_7_10_34.wav,5.32437641723356,5.51240362811791,b
70,R402_43362.25834234_9_19_7_10_34.wav,5.52605442176871,5.62591836734694,c
71,R402_43362.25834234_9_19_7_10_34.wav,5.67269841269841,5.76820861678005,d
72,R402_43362.25834234_9_19_7_10_34.wav,5.78666666666667,5.96378684807256,e
73,R402_43362.25834234_9_19_7_10_34.wav,6.07705215419501,6.12671201814059,f
74,R402_43362.25834234_9_19_7_10_34.wav,6.1881405895691595,6.2476417233560095,i
75,R402_43362.25834234_9_19_7_10_34.wav,6.30399092970522,6.35936507936508,a
76,R402_43362.25834234_9_19_7_10_34.wav,6.37696145124717,6.55972789115646,b
77,R402_43362.25834234_9_19_7_10_34.wav,6.5762358276644,6.67845804988662,c
78,R402_43362.25834234_9_19_7_10_34.wav,6.723083900226761,6.81124716553288,d
79,R402_43362.25834234_9_19_7_10_34.wav,6.82945578231293,7.00807256235828,e
80,R402_43362.25834234_9_19_7_10_34.wav,13.013424036281199,13.0889115646258,i
81,R402_43362.25834234_9_19_7_10_34.wav,13.154285714285699,13.2314739229025,i
82,R402_43362.25834234_9_19_7_10_34.wav,13.3188888888889,13.3696371882086,i
83,R402_43362.25834234_9_19_7_10_34.wav,13.4345578231293,13.4924263038549,a
84,R402_43362.25834234_9_19_7_10_34.wav,13.5035600907029,13.686462585034,b
85,R402_43362.25834234_9_19_7_10_34.wav,13.7042176870748,13.807074829932,c
86,R402_43362.25834234_9_19_7_10_34.wav,13.847664399093,13.946326530612199,d
87,R402_43362.25834234_9_19_7_10_34.wav,13.958798185941,14.140589569161,e
88,R402_43362.25834234_9_19_7_10_34.wav,14.2719047619048,14.3245124716553,f
89,R402_43362.25834234_9_19_7_10_34.wav,14.368684807256201,14.4158276643991,i
90,R402_43362.25834234_9_19_7_10_34.wav,14.4931065759637,14.5504535147392,a
91,R402_43362.25834234_9_19_7_10_34.wav,14.5619727891156,14.7445578231293,b
92,R402_43362.25834234_9_19_7_10_34.wav,14.7618140589569,14.8665532879819,c
93,R402_43362.25834234_9_19_7_10_34.wav,14.909705215419502,15.0032653061224,d
94,R402_43362.25834234_9_19_7_10_34.wav,15.024353741496599,15.200725623582802,e
95,R402_43362.25834234_9_19_7_10_34.wav,15.6358049886621,15.689410430839,i
96,R402_43362.25834234_9_19_7_10_34.wav,15.7412471655329,15.7849886621315,i
97,R402_43362.25834234_9_19_7_10_34.wav,15.8554421768707,15.9065079365079,a
98,R402_43362.25834234_9_19_7_10_34.wav,15.922312925170099,16.094172335600902,b
99,R402_43362.25834234_9_19_7_10_34.wav,16.1250793650794,16.2271428571429,c
100,R402_43362.25834234_9_19_7_10_34.wav,16.280294784580498,16.3725850340136,d
101,R402_43362.25834234_9_19_7_10_34.wav,16.3922675736961,16.5675283446712,e
102,R402_43362.25834234_9_19_7_10_34.wav,16.8626303854875,16.9118820861678,f
103,R402_43362.25834234_9_19_7_10_34.wav,16.9535827664399,17.0097732426304,i
104,R402_43362.25834234_9_19_7_10_34.wav,17.0622222222222,17.1132653061225,a
105,R402_43362.25834234_9_19_7_10_34.wav,17.1361904761905,17.309410430839,b
106,R402_43362.25834234_9_19_7_10_34.wav,17.339546485260797,17.443514739229,c
107,R402_43362.25834234_9_19_7_10_34.wav,18.4912471655329,18.739501133786803,g
108,R402_43362.25834234_9_19_7_10_34.wav,21.1215646258503,21.195011337868497,i
109,R402_43362.25834234_9_19_7_10_34.wav,21.2707029478458,21.345850340136103,i
110,R402_43362.25834234_9_19_7_10_34.wav,21.4085714285714,21.455804988662102,i
111,R402_43362.25834234_9_19_7_10_34.wav,21.519931972789102,21.5725170068027,a
112,R402_43362.25834234_9_19_7_10_34.wav,21.5982766439909,21.7695011337868,b
113,R402_43362.25834234_9_19_7_10_34.wav,21.7836961451247,21.8878458049887,c
114,R402_43362.25834234_9_19_7_10_34.wav,21.9247845804989,22.0142176870748,d
115,R402_43362.25834234_9_19_7_10_34.wav,22.031337868480698,22.2008390022676,e
116,R402_43362.25834234_9_19_7_10_34.wav,22.3875963718821,22.4417006802721,f
117,R402_43362.25834234_9_19_7_10_34.wav,22.4848979591837,22.5371201814059,i
118,R402_43362.25834234_9_19_7_10_34.wav,22.5996371882086,22.6575283446712,a
119,R402_43362.25834234_9_19_7_10_34.wav,22.679387755102002,22.8619274376417,b
120,R402_43362.25834234_9_19_7_10_34.wav,22.8797959183673,22.9837188208617,c
121,R402_43362.25834234_9_19_7_10_34.wav,23.0216099773243,23.1174829931973,d
122,R402_43362.25834234_9_19_7_10_34.wav,23.1349659863946,23.3114058956916,e
123,R402_43362.25834234_9_19_7_10_34.wav,24.167414965986403,24.3930385487528,g
124,R402_43362.25834234_9_19_7_10_34.wav,24.459229024943298,24.5514965986395,h
125,R402_43362.25834234_9_19_7_10_34.wav,24.6415192743764,24.6951473922902,i
126,R402_43362.25834234_9_19_7_10_34.wav,24.7473922902494,24.8071428571429,a
127,R402_43362.25834234_9_19_7_10_34.wav,24.8292517006803,25.0014965986395,b
128,R402_43362.25834234_9_19_7_10_34.wav,25.0243537414966,25.1255328798186,c
129,R402_43362.25834234_9_19_7_10_34.wav,25.1687528344671,25.2576870748299,d
130,R402_43362.25834234_9_19_7_10_34.wav,25.2729931972789,25.4418140589569,e
131,R402_43362.25834234_9_19_7_10_34.wav,28.885306122449002,28.9492290249433,i
132,R402_43362.25834234_9_19_7_10_34.wav,29.0493650793651,29.118820861678,i
133,R402_43362.25834234_9_19_7_10_34.wav,29.237052154195002,29.282494331065802,i
134,R402_43362.25834234_9_19_7_10_34.wav,29.355011337868497,29.3992970521542,a
135,R402_43362.25834234_9_19_7_10_34.wav,29.4287074829932,29.5999092970522,b
136,R402_43362.25834234_9_19_7_10_34.wav,29.622358276644,29.7218594104308,c
137,R402_43362.25834234_9_19_7_10_34.wav,29.765555555555597,29.860249433106603,d
138,R402_43362.25834234_9_19_7_10_34.wav,29.8685260770975,30.036689342403598,e
139,R402_43362.25890356_9_19_7_11_30.wav,0.5932199546485261,0.670612244897959,i
140,R402_43362.25890356_9_19_7_11_30.wav,0.797369614512472,0.84609977324263,i
141,R402_43362.25890356_9_19_7_11_30.wav,0.9136507936507939,0.965442176870748,a
142,R402_43362.25890356_9_19_7_11_30.wav,0.988888888888889,1.17011337868481,b
143,R402_43362.25890356_9_19_7_11_30.wav,1.18383219954649,1.28512471655329,c
144,R402_43362.25890356_9_19_7_11_30.wav,1.32820861678005,1.4152154195011302,d
145,R402_43362.25890356_9_19_7_11_30.wav,1.43312925170068,1.60229024943311,e
146,R402_43362.25890356_9_19_7_11_30.wav,2.1219727891156497,2.1595238095238103,i
147,R402_43362.25890356_9_19_7_11_30.wav,2.23829931972789,2.30095238095238,a
148,R402_43362.25890356_9_19_7_11_30.wav,2.31809523809524,2.48975056689342,b
149,R402_43362.25890356_9_19_7_11_30.wav,2.5111791383220003,2.61176870748299,c
150,R402_43362.25890356_9_19_7_11_30.wav,2.65573696145125,2.7485941043083897,d
151,R402_43362.25890356_9_19_7_11_30.wav,2.76074829931973,2.93326530612245,e
152,R402_43362.25890356_9_19_7_11_30.wav,3.51383219954649,3.59015873015873,i
153,R402_43362.25890356_9_19_7_11_30.wav,3.71331065759637,3.76185941043084,i
154,R402_43362.25890356_9_19_7_11_30.wav,3.8209977324263,3.88238095238095,a
155,R402_43362.25890356_9_19_7_11_30.wav,3.8969387755101996,4.0691156462585,b
156,R402_43362.25890356_9_19_7_11_30.wav,4.09090702947846,4.19478458049887,c
157,R402_43362.25890356_9_19_7_11_30.wav,4.235850340136061,4.33002267573696,d
158,R402_43362.25890356_9_19_7_11_30.wav,4.34854875283447,4.52170068027211,e
159,R402_43362.26098966_9_19_7_14_58.wav,2.69759637188209,2.7684353741496603,i
160,R402_43362.26098966_9_19_7_14_58.wav,2.85954648526077,2.9231972789115597,i
161,R402_43362.26098966_9_19_7_14_58.wav,3.0308843537415,3.06956916099773,i
162,R402_43362.26098966_9_19_7_14_58.wav,3.15013605442177,3.20727891156463,a
163,R402_43362.26098966_9_19_7_14_58.wav,3.22068027210884,3.39734693877551,b
164,R402_43362.26098966_9_19_7_14_58.wav,3.41160997732426,3.51374149659864,c
165,R402_43362.26098966_9_19_7_14_58.wav,4.08541950113379,4.16077097505669,i
166,R402_43362.26098966_9_19_7_14_58.wav,4.22147392290249,4.27628117913832,i
167,R402_43362.26098966_9_19_7_14_58.wav,4.33471655328798,4.39385487528345,a
168,R402_43362.26098966_9_19_7_14_58.wav,4.41,4.57789115646259,b
169,R402_43362.26098966_9_19_7_14_58.wav,4.60331065759637,4.706145124716549,c
170,R402_43362.26098966_9_19_7_14_58.wav,4.75052154195011,4.84920634920635,d
171,R402_43362.26098966_9_19_7_14_58.wav,4.85664399092971,5.03049886621315,e
172,R402_43362.26098966_9_19_7_14_58.wav,5.84394557823129,5.91310657596372,i
173,R402_43362.26098966_9_19_7_14_58.wav,6.0124716553288,6.05489795918367,i
174,R402_43362.26098966_9_19_7_14_58.wav,6.1206575963718794,6.17777777777778,a
175,R402_43362.26098966_9_19_7_14_58.wav,6.197868480725621,6.3759410430839,b
176,R402_43362.26098966_9_19_7_14_58.wav,6.391383219954649,6.49442176870748,c
177,R402_43362.26098966_9_19_7_14_58.wav,6.533650793650789,6.62718820861678,d
178,R402_43362.26098966_9_19_7_14_58.wav,6.64165532879819,6.8120408163265305,e
179,R402_43362.26098966_9_19_7_14_58.wav,7.18625850340136,7.4550566893424,g
180,R402_43362.26098966_9_19_7_14_58.wav,7.51775510204082,7.614920634920639,h
181,R402_43362.26098966_9_19_7_14_58.wav,7.71324263038549,7.756417233560089,i
182,R402_43362.26098966_9_19_7_14_58.wav,7.810136054421769,7.8715873015873,a
183,R402_43362.26098966_9_19_7_14_58.wav,7.893401360544219,8.06839002267574,b
184,R402_43362.26098966_9_19_7_14_58.wav,8.08328798185941,8.18643990929705,c
185,R402_43362.26098966_9_19_7_14_58.wav,8.23287981859411,8.32746031746032,d
186,R402_43362.26098966_9_19_7_14_58.wav,8.343174603174601,8.52539682539683,e
187,R402_43362.26098966_9_19_7_14_58.wav,9.90777777777778,10.191156462585,g
188,R402_43362.26098966_9_19_7_14_58.wav,11.0944671201814,11.335283446712,g
189,R402_43362.26098966_9_19_7_14_58.wav,11.3877777777778,11.638435374149699,g
190,R402_43362.26242807_9_19_7_17_22.wav,0.31678004535147397,0.39156462585034,i
191,R402_43362.26242807_9_19_7_17_22.wav,0.46469387755102004,0.508390022675737,i
192,R402_43362.26242807_9_19_7_17_22.wav,0.567369614512472,0.619569160997732,a
193,R402_43362.26242807_9_19_7_17_22.wav,0.642312925170068,0.819659863945578,b
194,R402_43362.26242807_9_19_7_17_22.wav,0.8351473922902499,0.939160997732426,c
195,R402_43362.26242807_9_19_7_17_22.wav,0.976258503401361,1.07714285714286,d
196,R402_43362.26242807_9_19_7_17_22.wav,1.0836507936507902,1.2532879818594098,e
197,R402_43362.26242807_9_19_7_17_22.wav,1.8031519274376402,1.87442176870748,i
198,R402_43362.26242807_9_19_7_17_22.wav,1.97746031746032,2.03208616780045,i
199,R402_43362.26242807_9_19_7_17_22.wav,2.08498866213152,2.14757369614513,a
200,R402_43362.26242807_9_19_7_17_22.wav,2.16104308390023,2.34371882086168,b
201,R402_43362.26242807_9_19_7_17_22.wav,2.35451247165533,2.4640589569161,c
202,R402_43362.26242807_9_19_7_17_22.wav,2.49907029478458,2.5925623582766404,d
203,R402_43362.26242807_9_19_7_17_22.wav,2.60598639455782,2.77716553287982,e
204,R402_43362.28841961_9_19_8_0_41.wav,0.328344671201814,0.624739229024943,g
205,R402_43362.28841961_9_19_8_0_41.wav,1.03730158730159,1.10589569160998,i
206,R402_43362.28841961_9_19_8_0_41.wav,1.1584807256235798,1.20566893424036,i
207,R402_43362.28841961_9_19_8_0_41.wav,1.27566893424036,1.3192290249433098,a
208,R402_43362.28841961_9_19_8_0_41.wav,1.34210884353741,1.5106575963718798,b
209,R402_43362.28841961_9_19_8_0_41.wav,1.53492063492063,1.6394104308389998,c
210,R402_43362.28841961_9_19_8_0_41.wav,1.67358276643991,1.76931972789116,d
211,R402_43362.28841961_9_19_8_0_41.wav,1.78380952380952,1.95619047619048,e
212,R402_43362.28841961_9_19_8_0_41.wav,2.0866893424036297,2.1441496598639502,f
213,R402_43362.28841961_9_19_8_0_41.wav,2.18546485260771,2.2435827664399097,i
214,R402_43362.28841961_9_19_8_0_41.wav,2.30174603174603,2.36122448979592,a
215,R402_43362.28841961_9_19_8_0_41.wav,2.3828798185941,2.5637188208616797,b
216,R402_43362.28841961_9_19_8_0_41.wav,2.5768480725623597,2.68814058956916,c
217,R402_43362.28841961_9_19_8_0_41.wav,2.72641723356009,2.8285714285714296,d
218,R402_43362.28841961_9_19_8_0_41.wav,2.84190476190476,3.0205442176870703,e
219,R402_43362.28841961_9_19_8_0_41.wav,7.21818594104308,7.29798185941043,i
220,R402_43362.28841961_9_19_8_0_41.wav,7.37439909297052,7.445895691609979,i
221,R402_43362.28841961_9_19_8_0_41.wav,7.51020408163265,7.57068027210884,i
222,R402_43362.28841961_9_19_8_0_41.wav,7.62374149659864,7.68024943310658,a
223,R402_43362.28841961_9_19_8_0_41.wav,7.69888888888889,7.87315192743764,b
224,R402_43362.28841961_9_19_8_0_41.wav,7.897800453514741,7.99895691609977,c
225,R402_43362.28841961_9_19_8_0_41.wav,8.03519274376417,8.12950113378685,d
226,R402_43362.28841961_9_19_8_0_41.wav,8.147052154195011,8.31605442176871,e
227,R402_43362.28841961_9_19_8_0_41.wav,8.44018140589569,8.491179138322,f
228,R402_43362.28841961_9_19_8_0_41.wav,8.53721088435374,8.58716553287982,i
229,R402_43362.28841961_9_19_8_0_41.wav,8.65743764172335,8.71321995464853,a
230,R402_43362.28841961_9_19_8_0_41.wav,8.7308843537415,8.90265306122449,b
231,R402_43362.28841961_9_19_8_0_41.wav,8.92995464852608,9.0381179138322,c
232,R402_43362.28841961_9_19_8_0_41.wav,9.393038548752829,9.44136054421769,f
233,R402_43362.28841961_9_19_8_0_41.wav,9.49650793650794,9.55156462585034,i
234,R402_43362.28841961_9_19_8_0_41.wav,9.60333333333333,9.66009070294785,a
235,R402_43362.28841961_9_19_8_0_41.wav,9.684467120181411,9.865510204081628,b
236,R402_43362.28841961_9_19_8_0_41.wav,9.88167800453515,9.98918367346939,c
237,R402_43362.28841961_9_19_8_0_41.wav,10.0251020408163,10.122335600907,d
238,R402_43362.28841961_9_19_8_0_41.wav,10.139659863945601,10.306757369614498,e
239,R402_43362.28841961_9_19_8_0_41.wav,10.4787755102041,10.531587301587301,f
240,R402_43362.28841961_9_19_8_0_41.wav,10.5865532879819,10.6351020408163,i
241,R402_43362.28841961_9_19_8_0_41.wav,10.688662131519301,10.7419274376417,a
242,R402_43362.28841961_9_19_8_0_41.wav,10.769795918367299,10.9501133786848,b
243,R402_43362.28841961_9_19_8_0_41.wav,10.9681179138322,11.0751473922902,c
244,R402_43362.28841961_9_19_8_0_41.wav,11.4949886621315,11.732358276644,g
245,R402_43362.28841961_9_19_8_0_41.wav,11.8949206349206,11.982970521542,h
246,R402_43362.28841961_9_19_8_0_41.wav,12.0930385487528,12.1481179138322,i
247,R402_43362.28841961_9_19_8_0_41.wav,12.212721088435401,12.2644671201814,a
248,R402_43362.28841961_9_19_8_0_41.wav,12.2836281179138,12.4719501133787,b
249,R402_43362.28841961_9_19_8_0_41.wav,12.4773015873016,12.591700680272101,c
250,R402_43362.28892324_9_19_8_1_32.wav,0.00136054421768707,0.272517006802721,g
251,R402_43362.28892324_9_19_8_1_32.wav,0.973809523809524,1.04961451247166,i
252,R402_43362.28892324_9_19_8_1_32.wav,1.1056462585034001,1.16176870748299,i
253,R402_43362.28892324_9_19_8_1_32.wav,1.23081632653061,1.28850340136054,a
254,R402_43362.28892324_9_19_8_1_32.wav,1.3062358276644,1.48507936507937,b
255,R402_43362.28892324_9_19_8_1_32.wav,1.50560090702948,1.60734693877551,c
256,R402_43362.28892324_9_19_8_1_32.wav,1.6503854875283401,1.74886621315193,d
257,R402_43362.28892324_9_19_8_1_32.wav,1.75981859410431,1.92888888888889,e
258,R402_43362.28892324_9_19_8_1_32.wav,2.07201814058957,2.1176870748299303,f
259,R402_43362.28892324_9_19_8_1_32.wav,2.16684807256236,2.22517006802721,i
260,R402_43362.28892324_9_19_8_1_32.wav,2.2774376417233597,2.3338095238095202,a
261,R402_43362.28892324_9_19_8_1_32.wav,2.35312925170068,2.53528344671202,b
262,R402_43362.28892324_9_19_8_1_32.wav,2.5617687074829902,2.66274376417234,c
263,R402_43362.28892324_9_19_8_1_32.wav,2.70333333333333,2.80426303854875,d
264,R402_43362.28892324_9_19_8_1_32.wav,2.81589569160998,2.98807256235828,e
265,R402_43362.29192290_9_19_8_6_32.wav,4.53514739229025e-05,0.282063492063492,g
266,R402_43362.29192290_9_19_8_6_32.wav,0.853446712018141,0.922448979591837,i
267,R402_43362.29192290_9_19_8_6_32.wav,0.987142857142857,1.03043083900227,i
268,R402_43362.29192290_9_19_8_6_32.wav,1.08342403628118,1.1407256235827699,a
269,R402_43362.29192290_9_19_8_6_32.wav,1.15637188208617,1.33784580498866,b
270,R402_43362.29192290_9_19_8_6_32.wav,1.3552607709750601,1.4591609977324298,c
271,R402_43362.29192290_9_19_8_6_32.wav,1.49798185941043,1.59702947845805,d
272,R402_43362.29192290_9_19_8_6_32.wav,1.60916099773243,1.78380952380952,e
273,R402_43362.29192290_9_19_8_6_32.wav,2.71138321995465,2.78147392290249,i
274,R402_43362.29192290_9_19_8_6_32.wav,2.89498866213152,2.9449433106576,i
275,R402_43362.29192290_9_19_8_6_32.wav,3.00260770975057,3.05861678004535,a
276,R402_43362.29192290_9_19_8_6_32.wav,3.0734693877551,3.2502947845805004,b
277,R402_43362.29192290_9_19_8_6_32.wav,3.27167800453515,3.37176870748299,c
278,R402_43362.29192290_9_19_8_6_32.wav,3.41070294784581,3.50290249433107,d
279,R402_43362.29192290_9_19_8_6_32.wav,3.5187074829931997,3.68609977324263,e
280,R402_43362.29192290_9_19_8_6_32.wav,4.30909297052154,4.36721088435374,i
281,R402_43362.29192290_9_19_8_6_32.wav,4.44666666666667,4.49879818594104,i
282,R402_43362.29192290_9_19_8_6_32.wav,4.55977324263039,4.609047619047621,a
283,R402_43362.29192290_9_19_8_6_32.wav,4.63573696145125,4.81301587301587,b
284,R402_43362.29192290_9_19_8_6_32.wav,4.82981859410431,4.93063492063492,c
285,R402_43362.29192290_9_19_8_6_32.wav,4.972176870748299,5.0663265306122405,d
286,R402_43362.29192290_9_19_8_6_32.wav,5.08625850340136,5.25551020408163,e
287,R402_43362.29192290_9_19_8_6_32.wav,6.362380952380949,6.40603174603175,i
288,R402_43362.29192290_9_19_8_6_32.wav,6.4772335600907,6.5300453514739205,a
289,R402_43362.29192290_9_19_8_6_32.wav,6.54922902494331,6.7218367346938805,b
290,R402_43362.29192290_9_19_8_6_32.wav,6.74442176870748,6.850136054421769,c
291,R402_43362.29192290_9_19_8_6_32.wav,6.89045351473923,6.9875736961451205,d
292,R402_43362.29192290_9_19_8_6_32.wav,7.00006802721088,7.17893424036281,e
293,R402_43362.29192290_9_19_8_6_32.wav,7.8311111111111105,7.89290249433107,i
294,R402_43362.29192290_9_19_8_6_32.wav,8.00383219954648,8.05643990929705,i
295,R402_43362.29192290_9_19_8_6_32.wav,8.11854875283447,8.16371882086168,a
296,R402_43362.29192290_9_19_8_6_32.wav,8.19369614512472,8.359546485260768,b
297,R402_43362.29192290_9_19_8_6_32.wav,8.38476190476191,8.48866213151928,c
298,R402_43362.29192290_9_19_8_6_32.wav,8.52668934240363,8.618662131519269,d
299,R402_43362.29192290_9_19_8_6_32.wav,8.633990929705211,8.80190476190476,e
300,R402_43362.29204728_9_19_8_6_44.wav,0.853151927437642,1.12308390022676,g
301,R402_43362.29204728_9_19_8_6_44.wav,2.00115646258503,2.07315192743764,i
302,R402_43362.29204728_9_19_8_6_44.wav,2.14451247165533,2.20108843537415,i
303,R402_43362.29204728_9_19_8_6_44.wav,2.24879818594104,2.2978231292516997,a
304,R402_43362.29204728_9_19_8_6_44.wav,2.32641723356009,2.50410430839002,b
305,R402_43362.29204728_9_19_8_6_44.wav,2.51439909297052,2.6224263038548803,c
306,R402_43362.29204728_9_19_8_6_44.wav,2.66226757369615,2.7517913832199503,d
307,R402_43362.29204728_9_19_8_6_44.wav,2.7662358276644,2.9390022675737,e
308,R402_43362.29204728_9_19_8_6_44.wav,3.06766439909297,3.12571428571429,f
309,R402_43362.29204728_9_19_8_6_44.wav,3.17566893424036,3.2250340136054403,i
310,R402_43362.29204728_9_19_8_6_44.wav,3.28081632653061,3.34340136054422,a
311,R402_43362.29204728_9_19_8_6_44.wav,3.35925170068027,3.5364399092970498,b
312,R402_43362.29204728_9_19_8_6_44.wav,3.56224489795918,3.66335600907029,c
313,R402_43362.29204728_9_19_8_6_44.wav,3.70764172335601,3.80249433106576,d
314,R402_43362.29204728_9_19_8_6_44.wav,3.81655328798186,3.98730158730159,e
315,R402_43362.29204728_9_19_8_6_44.wav,4.72006802721088,4.78380952380952,i
316,R402_43362.29204728_9_19_8_6_44.wav,4.89301587301587,4.94972789115646,i
317,R402_43362.29204728_9_19_8_6_44.wav,5.00596371882086,5.0649206349206395,a
318,R402_43362.29204728_9_19_8_6_44.wav,5.08442176870748,5.257097505668931,b
319,R402_43362.29204728_9_19_8_6_44.wav,5.2810884353741505,5.38659863945578,c
320,R402_43362.29204728_9_19_8_6_44.wav,5.41947845804989,5.51845804988662,d
321,R402_43362.29204728_9_19_8_6_44.wav,5.52818594104308,5.704852607709751,e
322,R402_43362.29204728_9_19_8_6_44.wav,6.077188208616779,6.12675736961451,f
323,R402_43362.29204728_9_19_8_6_44.wav,6.18154195011338,6.2308163265306105,i
324,R402_43362.29204728_9_19_8_6_44.wav,6.2806349206349195,6.33696145124717,a
325,R402_43362.29204728_9_19_8_6_44.wav,6.36197278911565,6.538095238095241,b
326,R402_43362.29204728_9_19_8_6_44.wav,6.56321995464853,6.66700680272109,c
327,R402_43362.29204728_9_19_8_6_44.wav,6.70503401360544,6.814353741496601,d
328,R402_43362.29204728_9_19_8_6_44.wav,6.82104308390023,7.005850340136051,e
329,R402_43362.29240734_9_19_8_7_20.wav,0.157528344671202,0.211814058956916,i
330,R402_43362.29240734_9_19_8_7_20.wav,0.306553287981859,0.356326530612245,i
331,R402_43362.29240734_9_19_8_7_20.wav,0.424739229024943,0.480453514739229,a
332,R402_43362.29240734_9_19_8_7_20.wav,0.502585034013605,0.67297052154195,b
333,R402_43362.29240734_9_19_8_7_20.wav,0.69750566893424,0.797755102040816,c
334,R402_43362.29240734_9_19_8_7_20.wav,0.837278911564626,0.9309070294784579,d
335,R402_43362.29240734_9_19_8_7_20.wav,0.9461224489795921,1.12326530612245,e
336,R402_43362.29240734_9_19_8_7_20.wav,1.5492290249433098,1.59920634920635,i
337,R402_43362.29240734_9_19_8_7_20.wav,1.63975056689342,1.6889569160997702,i
338,R402_43362.29240734_9_19_8_7_20.wav,1.7414512471655301,1.79637188208617,a
339,R402_43362.29240734_9_19_8_7_20.wav,1.8214058956916102,2.0010884353741503,b
340,R402_43362.29240734_9_19_8_7_20.wav,2.02031746031746,2.12768707482993,c
341,R402_43362.29240734_9_19_8_7_20.wav,2.16671201814059,2.26668934240363,d
342,R402_43362.29240734_9_19_8_7_20.wav,2.2810430839002303,2.46020408163265,e
343,R402_43362.29240734_9_19_8_7_20.wav,2.85750566893424,2.9345578231292504,i
344,R402_43362.29240734_9_19_8_7_20.wav,2.97845804988662,3.0341950113378697,i
345,R402_43362.29240734_9_19_8_7_20.wav,3.08975056689342,3.14893424036281,a
346,R402_43362.29240734_9_19_8_7_20.wav,3.17356009070295,3.3535600907029504,b
347,R402_43362.29240734_9_19_8_7_20.wav,3.37344671201814,3.47473922902494,c
348,R402_43362.29240734_9_19_8_7_20.wav,3.5180498866213203,3.61151927437642,d
349,R402_43362.29240734_9_19_8_7_20.wav,3.6320861678004497,3.8040816326530598,e
350,R402_43362.29252218_9_19_8_7_32.wav,2.66770975056689,2.9171882086167797,g
351,R402_43362.29252218_9_19_8_7_32.wav,3.51873015873016,3.58977324263039,i
352,R402_43362.29252218_9_19_8_7_32.wav,3.6773469387755098,3.72993197278912,i
353,R402_43362.29252218_9_19_8_7_32.wav,3.78984126984127,3.84321995464853,a
354,R402_43362.29252218_9_19_8_7_32.wav,3.86224489795918,4.03070294784581,b
355,R402_43362.29252218_9_19_8_7_32.wav,4.05839002267574,4.15832199546485,c
356,R402_43362.29252218_9_19_8_7_32.wav,4.19507936507936,4.29326530612245,d
357,R402_43362.29252218_9_19_8_7_32.wav,4.30804988662132,4.48145124716553,e
358,R402_43362.29252218_9_19_8_7_32.wav,4.84,4.88934240362812,f
359,R402_43362.29252218_9_19_8_7_32.wav,4.94426303854875,4.98800453514739,i
360,R402_43362.29252218_9_19_8_7_32.wav,5.053174603174599,5.10197278911565,a
361,R402_43362.29252218_9_19_8_7_32.wav,5.12666666666667,5.29784580498866,b
362,R402_43362.29252218_9_19_8_7_32.wav,5.321383219954649,5.42614512471655,c
363,R402_43362.29252218_9_19_8_7_32.wav,5.573877551020409,5.62151927437642,i
364,R402_43362.29252218_9_19_8_7_32.wav,5.68498866213152,5.73380952380952,a
365,R402_43362.29252218_9_19_8_7_32.wav,5.75845804988662,5.93142857142857,b
366,R402_43362.29252218_9_19_8_7_32.wav,5.96038548752834,6.06403628117914,c
367,R402_43362.29252218_9_19_8_7_32.wav,6.1126757369614495,6.21374149659864,d
368,R402_43362.29252218_9_19_8_7_32.wav,6.22519274376417,6.3965306122449,e
369,R402_43362.29252218_9_19_8_7_32.wav,7.36827664399093,7.419410430839,f
370,R402_43362.29252218_9_19_8_7_32.wav,7.47607709750567,7.5212244897959195,i
371,R402_43362.29252218_9_19_8_7_32.wav,7.57852607709751,7.633151927437639,a
372,R402_43362.29252218_9_19_8_7_32.wav,7.65773242630385,7.82981859410431,b
373,R402_43362.29252218_9_19_8_7_32.wav,7.85891156462585,7.95823129251701,c
374,R402_43362.29252218_9_19_8_7_32.wav,7.99925170068027,8.1002947845805,d
375,R402_43362.29252218_9_19_8_7_32.wav,8.11571428571429,8.28795918367347,e
376,R402_43362.29252218_9_19_8_7_32.wav,8.83074829931973,8.90163265306122,i
377,R402_43362.29252218_9_19_8_7_32.wav,9.04705215419501,9.0953514739229,i
378,R402_43362.29252218_9_19_8_7_32.wav,9.14718820861678,9.20328798185941,a
379,R402_43362.29252218_9_19_8_7_32.wav,9.227619047619049,9.396145124716549,b
380,R402_43362.29252218_9_19_8_7_32.wav,9.42176870748299,9.518072562358281,c
381,R402_43362.29252218_9_19_8_7_32.wav,9.564625850340141,9.65850340136054,d
382,R402_43362.29252218_9_19_8_7_32.wav,9.67662131519274,9.84498866213152,e
383,R402_43362.29268429_9_19_8_7_48.wav,0.00244897959183674,0.30353741496598596,g
384,R402_43362.29268429_9_19_8_7_48.wav,1.1309977324263,1.2039002267573702,i
385,R402_43362.29268429_9_19_8_7_48.wav,1.27469387755102,1.3259410430839,i
386,R402_43362.29268429_9_19_8_7_48.wav,1.3938321995464902,1.4450566893424,a
387,R402_43362.29268429_9_19_8_7_48.wav,1.4703401360544202,1.64607709750567,b
388,R402_43362.29268429_9_19_8_7_48.wav,1.66378684807256,1.76242630385488,c
389,R402_43362.29268429_9_19_8_7_48.wav,1.8015192743764201,1.89863945578231,d
390,R402_43362.29268429_9_19_8_7_48.wav,1.91380952380952,2.0859183673469404,e
391,R402_43362.31155038_9_19_8_39_15.wav,0.614444444444444,0.854036281179138,g
392,R402_43362.31155038_9_19_8_39_15.wav,1.31848072562358,1.39181405895692,i
393,R402_43362.31155038_9_19_8_39_15.wav,1.44630385487528,1.49512471655329,i
394,R402_43362.31155038_9_19_8_39_15.wav,1.5583446712018099,1.6057823129251698,a
395,R402_43362.31155038_9_19_8_39_15.wav,1.62944431110243,1.7784216308471,b
396,R402_43362.31155038_9_19_8_39_15.wav,1.8274273281315199,1.91955803902625,c
397,R402_43362.31155038_9_19_8_39_15.wav,1.96469387755102,2.06238095238095,d
398,R402_43362.31155038_9_19_8_39_15.wav,2.07614512471655,2.24863945578231,e
399,R402_43362.31155038_9_19_8_39_15.wav,2.3767800453514702,2.4249433106576,f
400,R402_43362.31155038_9_19_8_39_15.wav,2.47324263038549,2.5258049886621303,i
401,R402_43362.31155038_9_19_8_39_15.wav,2.58092970521542,2.63918367346939,a
402,R402_43362.31155038_9_19_8_39_15.wav,2.66142857142857,2.83907029478458,b
403,R402_43362.31155038_9_19_8_39_15.wav,2.86131519274376,2.96167800453515,c
404,R402_43362.31155038_9_19_8_39_15.wav,3.00777777777778,3.10390022675737,d
405,R402_43362.31155038_9_19_8_39_15.wav,3.12176870748299,3.30213151927438,e
406,R402_43362.31155038_9_19_8_39_15.wav,6.2357596371882105,6.31011337868481,i
407,R402_43362.31155038_9_19_8_39_15.wav,6.40417233560091,6.45859410430839,i
408,R402_43362.31155038_9_19_8_39_15.wav,6.51151927437642,6.56528344671202,a
409,R402_43362.31155038_9_19_8_39_15.wav,6.58603174603175,6.7732879818594105,b
410,R402_43362.31155038_9_19_8_39_15.wav,6.77843537414966,6.88328798185941,c
411,R402_43362.31155038_9_19_8_39_15.wav,6.91995464852608,7.01131519274376,d
412,R402_43362.31155038_9_19_8_39_15.wav,7.02827664399093,7.19791383219955,e
413,R402_43362.31155038_9_19_8_39_15.wav,7.326031746031751,7.3826077097505705,f
414,R402_43362.31155038_9_19_8_39_15.wav,7.42761904761905,7.48664399092971,i
415,R402_43362.31155038_9_19_8_39_15.wav,7.5562358276644,7.6187074829932,a
416,R402_43362.31155038_9_19_8_39_15.wav,7.63850340136054,7.81993197278912,b
417,R402_43362.31155038_9_19_8_39_15.wav,7.83521541950114,7.942448979591839,c
418,R402_43362.31155038_9_19_8_39_15.wav,7.98233560090703,8.07530612244898,d
419,R402_43362.31155038_9_19_8_39_15.wav,8.089410430839,8.26297052154195,e
420,R402_43362.31155038_9_19_8_39_15.wav,9.34786848072562,9.425578231292521,i
421,R402_43362.31155038_9_19_8_39_15.wav,9.48444444444444,9.531904761904759,i
422,R402_43362.31155038_9_19_8_39_15.wav,9.591020408163269,9.65229024943311,a
423,R402_43362.31155038_9_19_8_39_15.wav,9.664104308390021,9.842199546485261,b
424,R402_43362.31155038_9_19_8_39_15.wav,9.86235827664399,9.96789115646259,c
425,R402_43362.31155038_9_19_8_39_15.wav,10.0056462585034,10.101700680272101,d
426,R402_43362.31155038_9_19_8_39_15.wav,10.1182993197279,10.2959637188209,e
427,R402_43362.31167879_9_19_8_39_27.wav,0.216825396825397,0.511791383219955,g
428,R402_43362.31167879_9_19_8_39_27.wav,1.0782312925170099,1.14739229024943,i
429,R402_43362.31167879_9_19_8_39_27.wav,1.21124716553288,1.25575963718821,i
430,R402_43362.31167879_9_19_8_39_27.wav,1.32866213151927,1.38274376417234,a
431,R402_43362.31167879_9_19_8_39_27.wav,1.39920634920635,1.5740589569161,b
432,R402_43362.31167879_9_19_8_39_27.wav,1.59616780045351,1.69875283446712,c
433,R402_43362.31167879_9_19_8_39_27.wav,1.7421541950113402,1.83725623582766,d
434,R402_43362.31167879_9_19_8_39_27.wav,1.85662131519274,2.02612244897959,e
435,R402_43362.31167879_9_19_8_39_27.wav,2.4056462585034,2.45732426303855,i
436,R402_43362.31167879_9_19_8_39_27.wav,2.5153514739229,2.55448979591837,i
437,R402_43362.31167879_9_19_8_39_27.wav,2.60956916099773,2.66755102040816,a
438,R402_43362.31167879_9_19_8_39_27.wav,2.68691609977324,2.8578231292517,b
439,R402_43362.31167879_9_19_8_39_27.wav,2.88609977324263,2.9849206349206403,c
440,R402_43362.31167879_9_19_8_39_27.wav,3.03437641723356,3.1304308390022704,d
441,R402_43362.31167879_9_19_8_39_27.wav,3.14852607709751,3.31820861678005,e
442,R402_43362.31167879_9_19_8_39_27.wav,4.1207029478458095,4.18789115646259,i
443,R402_43362.31167879_9_19_8_39_27.wav,4.25410430839002,4.307913832199549,i
444,R402_43362.31167879_9_19_8_39_27.wav,4.368820861678,4.41748299319728,a
445,R402_43362.31167879_9_19_8_39_27.wav,4.44482993197279,4.614580498866211,b
446,R402_43362.31167879_9_19_8_39_27.wav,4.639614512471651,4.74070294784581,c
447,R402_43362.31167879_9_19_8_39_27.wav,4.78428571428571,4.87430839002268,d
448,R402_43362.31167879_9_19_8_39_27.wav,4.896802721088441,5.059886621315189,e
449,R402_43362.31214735_9_19_8_40_14.wav,1.38904761904762,1.46884353741497,i
450,R402_43362.31214735_9_19_8_40_14.wav,1.5424716553287998,1.59256235827664,i
451,R402_43362.31214735_9_19_8_40_14.wav,1.6524263038548799,1.7109750566893398,a
452,R402_43362.31214735_9_19_8_40_14.wav,1.7268480725623598,1.90909297052154,b
453,R402_43362.31214735_9_19_8_40_14.wav,1.9222222222222198,2.02768707482993,c
454,R402_43362.31214735_9_19_8_40_14.wav,2.0603174603174597,2.15630385487528,d
455,R402_43362.31214735_9_19_8_40_14.wav,2.1720634920634896,2.34063492063492,e
456,R402_43362.31214735_9_19_8_40_14.wav,3.2574376417233597,3.33825396825397,i
457,R402_43362.31214735_9_19_8_40_14.wav,3.4556916099773196,3.5060770975056696,i
458,R402_43362.31214735_9_19_8_40_14.wav,3.55337868480726,3.60963718820862,a
459,R402_43362.31214735_9_19_8_40_14.wav,3.62873015873016,3.81510204081633,b
460,R402_43362.31214735_9_19_8_40_14.wav,3.8315646258503397,3.93448979591837,c
461,R402_43362.31214735_9_19_8_40_14.wav,3.97383219954649,4.07199546485261,d
462,R402_43362.31214735_9_19_8_40_14.wav,4.08641723356009,4.25675736961451,e
463,R402_43362.31214735_9_19_8_40_14.wav,5.08897959183673,5.16421768707483,i
464,R402_43362.31214735_9_19_8_40_14.wav,5.26278911564626,5.3102947845805,i
465,R402_43362.31214735_9_19_8_40_14.wav,5.3717006802721095,5.4302947845805,a
466,R402_43362.31214735_9_19_8_40_14.wav,5.45061224489796,5.62430839002268,b
467,R402_43362.31214735_9_19_8_40_14.wav,5.6487981859410406,5.74791383219955,c
468,R402_43362.31214735_9_19_8_40_14.wav,5.785827664399091,5.88673469387755,d
469,R402_43362.31214735_9_19_8_40_14.wav,5.90315192743764,6.08115646258503,e
470,R402_43362.31214735_9_19_8_40_14.wav,6.20204081632653,6.2619501133786795,f
471,R402_43362.31214735_9_19_8_40_14.wav,6.31020408163265,6.36451247165533,i
472,R402_43362.31214735_9_19_8_40_14.wav,6.4148072562358305,6.4772335600907,a
473,R402_43362.31214735_9_19_8_40_14.wav,6.492675736961449,6.67167800453515,b
474,R402_43362.31214735_9_19_8_40_14.wav,6.69843537414966,6.803151927437639,c
475,R402_43362.31214735_9_19_8_40_14.wav,6.84446712018141,6.9384126984127,d
476,R402_43362.31214735_9_19_8_40_14.wav,6.955850340136051,7.1331746031745995,e
477,R402_43362.31253354_9_19_8_40_53.wav,0.00807256235827665,0.319614512471655,g
478,R402_43362.31253354_9_19_8_40_53.wav,1.80371882086168,1.8839002267573701,i
479,R402_43362.31253354_9_19_8_40_53.wav,1.94972789115646,1.99580498866213,i
480,R402_43362.31253354_9_19_8_40_53.wav,2.06108843537415,2.11412698412698,a
481,R402_43362.31253354_9_19_8_40_53.wav,2.13297052154195,2.3044217687074804,b
482,R402_43362.31253354_9_19_8_40_53.wav,2.32650793650794,2.43011337868481,c
483,R402_43362.31253354_9_19_8_40_53.wav,2.4667120181405897,2.5628117913832202,d
484,R402_43362.31253354_9_19_8_40_53.wav,2.57646258503401,2.75208616780045,e
485,R402_43362.31253354_9_19_8_40_53.wav,2.90126984126984,2.95634920634921,f
486,R402_43362.31253354_9_19_8_40_53.wav,3.00124716553288,3.05687074829932,i
487,R402_43362.31253354_9_19_8_40_53.wav,3.1057823129251703,3.1634693877550997,a
488,R402_43362.31253354_9_19_8_40_53.wav,3.1825850340136097,3.3542176870748297,b
489,R402_43362.31253354_9_19_8_40_53.wav,3.38321995464853,3.4810657596371897,c
490,R402_43362.31253354_9_19_8_40_53.wav,3.52789115646259,3.63113378684807,d
491,R402_43362.31253354_9_19_8_40_53.wav,3.6431746031746,3.8204761904761897,e
492,R402_43362.31253354_9_19_8_40_53.wav,4.60478458049887,4.70374149659864,i
493,R402_43362.31253354_9_19_8_40_53.wav,4.788049886621311,4.8462358276644,i
494,R402_43362.31253354_9_19_8_40_53.wav,4.89596371882086,4.9525170068027204,a
495,R402_43362.31253354_9_19_8_40_53.wav,4.9715873015873004,5.155600907029481,b
496,R402_43362.31253354_9_19_8_40_53.wav,5.1687074829932,5.27546485260771,c
497,R402_43362.31253354_9_19_8_40_53.wav,5.30591836734694,5.4027664399093,d
498,R402_43362.31253354_9_19_8_40_53.wav,5.41455782312925,5.59022675736961,e
499,R402_43362.31265441_9_19_8_41_5.wav,0.898707482993197,1.1756462585034,g
500,R402_43362.31265441_9_19_8_41_5.wav,1.6605895691610002,1.73092970521542,i
501,R402_43362.31265441_9_19_8_41_5.wav,1.82820861678005,1.8889115646258499,i
502,R402_43362.31265441_9_19_8_41_5.wav,1.94374149659864,1.99676002412785,a
503,R402_43362.31265441_9_19_8_41_5.wav,2.01721404349526,2.1706191887508797,b
504,R402_43362.31265441_9_19_8_41_5.wav,2.20982272587175,2.30527481625302,c
505,R402_43362.31265441_9_19_8_41_5.wav,2.35092970521542,2.44616780045351,d
506,R402_43362.31265441_9_19_8_41_5.wav,2.46229024943311,2.64315192743764,e
507,R402_43362.31265441_9_19_8_41_5.wav,3.45766439909297,3.64156462585034,g
508,R402_43362.31265441_9_19_8_41_5.wav,3.72140589569161,3.7959410430838996,f
509,R402_43362.31265441_9_19_8_41_5.wav,3.83698412698413,3.88641723356009,i
510,R402_43362.31265441_9_19_8_41_5.wav,3.9476643990929703,4.00541950113379,a
511,R402_43362.31265441_9_19_8_41_5.wav,4.02514739229025,4.21004535147392,b
512,R402_43362.31265441_9_19_8_41_5.wav,4.22097505668934,4.33013605442177,c
513,R402_43362.31265441_9_19_8_41_5.wav,4.3678231292517005,4.46562358276644,d
514,R402_43362.31265441_9_19_8_41_5.wav,4.47748299319728,4.65281179138322,e
515,R402_43362.31265441_9_19_8_41_5.wav,5.28022675736961,5.3585941043083904,i
516,R402_43362.31265441_9_19_8_41_5.wav,5.4249433106576,5.47281179138322,i
517,R402_43362.31265441_9_19_8_41_5.wav,5.53975056689342,5.59489795918367,a
518,R402_43362.31265441_9_19_8_41_5.wav,5.6165986394557805,5.79916099773243,b
519,R402_43362.31265441_9_19_8_41_5.wav,5.82705215419501,5.92598639455782,c
520,R402_43362.31265441_9_19_8_41_5.wav,5.96273436426434,6.0479594449619,d
521,R402_43362.31265441_9_19_8_41_5.wav,6.08204947724092,6.24056812733839,e
522,R402_43362.31265441_9_19_8_41_5.wav,6.7371201814059,6.79426303854875,f
523,R402_43362.31265441_9_19_8_41_5.wav,6.84784580498866,6.90482993197279,i
524,R402_43362.31265441_9_19_8_41_5.wav,6.9548072562358305,7.01390022675737,a
525,R402_43362.31265441_9_19_8_41_5.wav,7.028820861678001,7.2178231292517,b
526,R402_43362.31265441_9_19_8_41_5.wav,7.22424036281179,7.330884353741499,c
527,R402_43362.31265441_9_19_8_41_5.wav,7.374920634920629,7.468820861678,d
528,R402_43362.31265441_9_19_8_41_5.wav,7.48278911564626,7.657845804988661,e
529,R402_43362.31265441_9_19_8_41_5.wav,8.23360544217687,8.49560090702948,g
530,R402_43362.31265441_9_19_8_41_5.wav,9.259047619047621,9.32798185941043,i
531,R402_43362.31265441_9_19_8_41_5.wav,9.40077097505669,9.45909297052154,i
532,R402_43362.31265441_9_19_8_41_5.wav,9.51981859410431,9.58433106575964,a
533,R402_43362.31265441_9_19_8_41_5.wav,9.6040589569161,9.78965986394558,b
534,R402_43362.31265441_9_19_8_41_5.wav,9.7990022675737,9.89825396825397,c
535,R402_43362.31265441_9_19_8_41_5.wav,9.938480725623592,10.0354875283447,d
536,R402_43362.31265441_9_19_8_41_5.wav,10.051179138322,10.2223129251701,e
537,R402_43362.31265441_9_19_8_41_5.wav,11.0299092970522,11.0816099773243,i
538,R402_43362.31265441_9_19_8_41_5.wav,11.1425850340136,11.1983900226757,a
539,R402_43362.31265441_9_19_8_41_5.wav,11.2202947845805,11.3989342403628,b
540,R402_43362.31265441_9_19_8_41_5.wav,11.4213378684807,11.5183900226757,c
541,R402_43362.31265441_9_19_8_41_5.wav,11.5660090702948,11.669160997732401,d
542,R402_43362.31265441_9_19_8_41_5.wav,11.682857142857099,11.8515646258503,e
543,R402_43362.31304274_9_19_8_41_44.wav,0.00657596371882086,0.266349206349206,g
544,R402_43362.31304274_9_19_8_41_44.wav,0.85671201814059,0.9305442176870751,i
545,R402_43362.31304274_9_19_8_41_44.wav,1.02047619047619,1.07149659863946,i
546,R402_43362.31304274_9_19_8_41_44.wav,1.13367346938775,1.18739229024943,a
547,R402_43362.31304274_9_19_8_41_44.wav,1.20979591836735,1.38312925170068,b
548,R402_43362.31304274_9_19_8_41_44.wav,1.40922902494331,1.50643990929705,c
549,R402_43362.31304274_9_19_8_41_44.wav,1.54798185941043,1.63843537414966,d
550,R402_43362.31304274_9_19_8_41_44.wav,1.65755102040816,1.82702947845805,e
551,R402_43362.31304274_9_19_8_41_44.wav,2.3657142857142897,2.4269614512471698,i
552,R402_43362.31304274_9_19_8_41_44.wav,2.4929705215419498,2.5478231292516997,i
553,R402_43362.31304274_9_19_8_41_44.wav,2.61090702947846,2.66775510204082,a
554,R402_43362.31304274_9_19_8_41_44.wav,2.68560090702948,2.8623356009070298,b
555,R402_43362.31304274_9_19_8_41_44.wav,2.88482993197279,2.9808163265306096,c
556,R402_43362.31304274_9_19_8_41_44.wav,3.02399092970522,3.1253514739229,d
557,R402_43362.31304274_9_19_8_41_44.wav,3.13632653061224,3.3109523809523798,e
558,R402_43362.31304274_9_19_8_41_44.wav,3.98560090702948,4.04990929705215,i
559,R402_43362.31304274_9_19_8_41_44.wav,4.10278911564626,4.15657596371882,i
560,R402_43362.31304274_9_19_8_41_44.wav,4.21390022675737,4.26596371882086,a
561,R402_43362.31304274_9_19_8_41_44.wav,4.2937641723356,4.4718820861678,b
562,R402_43362.31304274_9_19_8_41_44.wav,4.49353741496599,4.59106575963719,c
563,R402_43362.31304274_9_19_8_41_44.wav,4.63199546485261,4.72839002267574,d
564,R402_43362.31304274_9_19_8_41_44.wav,4.74503401360544,4.92097505668934,e
565,R402_43362.36987533_9_19_10_16_27.wav,0.0072335600907029495,0.302789115646258,g
566,R402_43362.36987533_9_19_10_16_27.wav,1.31655328798186,1.3916099773242598,i
567,R402_43362.36987533_9_19_10_16_27.wav,1.4431746031746,1.49727891156463,i
568,R402_43362.36987533_9_19_10_16_27.wav,1.55961451247166,1.6042857142857099,a
569,R402_43362.36987533_9_19_10_16_27.wav,1.6307029478458102,1.8019047619047601,b
570,R402_43362.36987533_9_19_10_16_27.wav,1.8228344671201802,1.92541950113379,c
571,R402_43362.36987533_9_19_10_16_27.wav,1.96337868480726,2.05517006802721,d
572,R402_43362.36987533_9_19_10_16_27.wav,2.06972789115646,2.24426303854875,e
573,R402_43362.36987533_9_19_10_16_27.wav,4.5149433106576,4.78700680272109,g
574,R402_43362.36987533_9_19_10_16_27.wav,5.35002267573696,5.40857142857143,i
575,R402_43362.36987533_9_19_10_16_27.wav,5.45977324263039,5.52070294784581,a
576,R402_43362.36987533_9_19_10_16_27.wav,5.53213151927438,5.7056462585034,b
577,R402_43362.36987533_9_19_10_16_27.wav,5.7324716553287995,5.8352380952380996,c
578,R402_43362.36987533_9_19_10_16_27.wav,5.8662358276644,5.9647619047619,d
579,R402_43362.36987533_9_19_10_16_27.wav,5.9775283446712,6.14625850340136,e
580,R402_43362.36987533_9_19_10_16_27.wav,6.27580498866213,6.33142857142857,f
581,R402_43362.36987533_9_19_10_16_27.wav,6.3793424036281206,6.4248526077097505,i
582,R402_43362.36987533_9_19_10_16_27.wav,6.4845351473922905,6.5452380952380995,a
583,R402_43362.36987533_9_19_10_16_27.wav,6.56521541950113,6.7414512471655295,b
584,R402_43362.36987533_9_19_10_16_27.wav,6.764331065759641,6.86918367346939,c
585,R402_43362.36987533_9_19_10_16_27.wav,6.91700680272109,7.0087074829931995,d
586,R402_43362.36987533_9_19_10_16_27.wav,7.02895691609977,7.206190476190479,e
587,R402_43362.37805849_9_19_10_30_5.wav,3.63977324263039,3.68909297052154,i
588,R402_43362.37805849_9_19_10_30_5.wav,3.76496598639456,3.81512471655329,i
589,R402_43362.37805849_9_19_10_30_5.wav,3.8753968253968303,3.92537414965986,a
590,R402_43362.37805849_9_19_10_30_5.wav,3.94687074829932,4.12263038548753,b
591,R402_43362.37805849_9_19_10_30_5.wav,4.14573696145125,4.2433333333333305,c
592,R402_43362.37805849_9_19_10_30_5.wav,4.28532879818594,4.381587301587301,d
593,R402_43362.37805849_9_19_10_30_5.wav,4.39981859410431,4.56947845804989,e
594,R402_43362.37805849_9_19_10_30_5.wav,4.67786848072562,4.72977324263039,g
595,R402_43362.37805849_9_19_10_30_5.wav,4.7765759637188205,4.8368707482993205,i
596,R402_43362.37805849_9_19_10_30_5.wav,4.88659863945578,4.94968253968254,a
597,R402_43362.37805849_9_19_10_30_5.wav,4.9624716553288,5.1358503401360505,b
598,R402_43362.37805849_9_19_10_30_5.wav,5.16820861678005,5.26600907029478,c
599,R402_43362.37805849_9_19_10_30_5.wav,5.31249433106576,5.41176870748299,d
600,R402_43362.37805849_9_19_10_30_5.wav,5.42777777777778,5.60102040816327,e
601,R402_43362.37805849_9_19_10_30_5.wav,6.17893424036281,6.25020408163265,i
602,R402_43362.37805849_9_19_10_30_5.wav,6.2997052154194995,6.35585034013605,i
603,R402_43362.37805849_9_19_10_30_5.wav,6.41589569160998,6.46922902494331,a
604,R402_43362.37805849_9_19_10_30_5.wav,6.49281179138322,6.6756462585033995,b
605,R402_43362.37805849_9_19_10_30_5.wav,6.69292517006803,6.790884353741499,c
606,R402_43362.37805849_9_19_10_30_5.wav,6.83598639455782,6.92746031746032,d
607,R402_43362.37805849_9_19_10_30_5.wav,6.94927437641723,7.11979591836735,e
608,R402_43362.55060657_9_19_15_17_40.wav,0.27473922902494297,0.34863945578231303,i
609,R402_43362.55060657_9_19_15_17_40.wav,0.5561224489795921,0.598775510204082,i
610,R402_43362.55060657_9_19_15_17_40.wav,0.65530612244898,0.713922902494331,a
611,R402_43362.55060657_9_19_15_17_40.wav,0.7361904761904761,0.910816326530612,b
612,R402_43362.55060657_9_19_15_17_40.wav,0.92875283446712,1.02995464852608,c
613,R402_43362.55060657_9_19_15_17_40.wav,1.07251700680272,1.17106575963719,d
614,R402_43362.55060657_9_19_15_17_40.wav,1.18510204081633,1.36730158730159,e
615,R402_43362.55118760_9_19_15_18_38.wav,1.48467120181406,1.74190476190476,g
616,R402_43362.55118760_9_19_15_18_38.wav,2.83825396825397,2.90954648526077,i
617,R402_43362.55118760_9_19_15_18_38.wav,3.03253968253968,3.09362811791383,i
618,R402_43362.55118760_9_19_15_18_38.wav,3.1365306122449,3.18201814058957,i
619,R402_43362.55118760_9_19_15_18_38.wav,3.24179138321995,3.2948299319727896,a
620,R402_43362.55118760_9_19_15_18_38.wav,3.32300497016205,3.4779690635134797,b
621,R402_43362.55118760_9_19_15_18_38.wav,3.51795979728158,3.61793663170186,c
622,R402_43362.55118760_9_19_15_18_38.wav,3.6573015873015904,3.75111111111111,d
623,R402_43362.55118760_9_19_15_18_38.wav,3.76802721088435,3.9463038548752802,e
624,R402_43362.55301041_9_19_15_21_41.wav,0.00664399092970522,0.260634920634921,g
625,R402_43362.55301041_9_19_15_21_41.wav,1.10691609977324,1.18587301587302,i
626,R402_43362.55301041_9_19_15_21_41.wav,1.28369614512472,1.36573696145125,i
627,R402_43362.55301041_9_19_15_21_41.wav,1.4179591836734702,1.46825396825397,i
628,R402_43362.55301041_9_19_15_21_41.wav,1.5226757369614499,1.58138321995465,a
629,R402_43362.55301041_9_19_15_21_41.wav,1.5952607709750601,1.77857142857143,b
630,R402_43362.55301041_9_19_15_21_41.wav,1.79142857142857,1.8970975056689299,c
631,R402_43362.55301041_9_19_15_21_41.wav,1.9313832199546501,2.0289569160997702,d
632,R402_43362.55301041_9_19_15_21_41.wav,2.04428571428571,2.22498866213152,e
633,R402_43362.55301041_9_19_15_21_41.wav,2.85113378684807,2.94124716553288,i
634,R402_43362.55301041_9_19_15_21_41.wav,3.00997732426304,3.0585487528344704,i
635,R402_43362.55301041_9_19_15_21_41.wav,3.1248299319727897,3.17625850340136,a
636,R402_43362.55301041_9_19_15_21_41.wav,3.20149659863946,3.3755782312925198,b
637,R402_43362.55301041_9_19_15_21_41.wav,3.4010204081632702,3.4961451247165503,c
638,R402_43362.55301041_9_19_15_21_41.wav,3.53453514739229,3.6292970521542003,d
639,R402_43362.55301041_9_19_15_21_41.wav,3.6464625850340098,3.82480725623583,e
640,R402_43362.55301041_9_19_15_21_41.wav,4.274353741496601,4.34814058956916,i
641,R402_43362.55301041_9_19_15_21_41.wav,4.4050566893424,4.460657596371879,i
642,R402_43362.55301041_9_19_15_21_41.wav,4.5240589569161,4.5697052154195,a
643,R402_43362.55301041_9_19_15_21_41.wav,4.59419501133787,4.7749433106576,b
644,R402_43362.55301041_9_19_15_21_41.wav,4.78895691609977,4.8940816326530605,c
645,R402_43362.55301041_9_19_15_21_41.wav,4.93011337868481,5.0275736961451205,d
646,R402_43362.55301041_9_19_15_21_41.wav,5.03979591836735,5.21426303854875,e
647,R402_43362.55428241_9_19_15_23_48.wav,0.546077097505669,0.623990929705215,i
648,R402_43362.55428241_9_19_15_23_48.wav,0.741950113378685,0.786530612244898,i
649,R402_43362.55428241_9_19_15_23_48.wav,0.8363492063492061,0.8905895691609981,a
650,R402_43362.55428241_9_19_15_23_48.wav,0.912721088435374,1.08850340136054,b
651,R402_43362.55428241_9_19_15_23_48.wav,1.1084126984126998,1.20646258503401,c
652,R402_43362.55428241_9_19_15_23_48.wav,1.24122448979592,1.33292517006803,d
653,R402_43362.55428241_9_19_15_23_48.wav,1.351179138322,1.52607709750567,e
654,R402_43362.55434123_9_19_15_23_54.wav,1.52714285714286,1.61040816326531,i
655,R402_43362.55434123_9_19_15_23_54.wav,1.71174603174603,1.78263038548753,i
656,R402_43362.55434123_9_19_15_23_54.wav,1.85643990929705,1.89557823129252,i
657,R402_43362.55434123_9_19_15_23_54.wav,1.95943310657596,2.00727891156463,a
658,R402_43362.55434123_9_19_15_23_54.wav,2.03274376417234,2.21204081632653,b
659,R402_43362.55434123_9_19_15_23_54.wav,2.2259410430838997,2.33165532879819,c
660,R402_43362.55434123_9_19_15_23_54.wav,2.36517006802721,2.46199546485261,d
661,R402_43362.55434123_9_19_15_23_54.wav,2.4788435374149698,2.6544444444444397,e
662,R402_43362.55434123_9_19_15_23_54.wav,3.42714285714286,3.5005668934240397,i
663,R402_43362.55434123_9_19_15_23_54.wav,3.55539682539683,3.60975056689342,i
664,R402_43362.55434123_9_19_15_23_54.wav,3.6638095238095203,3.72512471655329,a
665,R402_43362.55434123_9_19_15_23_54.wav,3.74337868480726,3.9248072562358303,b
666,R402_43362.55434123_9_19_15_23_54.wav,3.93780045351474,4.04356009070295,c
667,R402_43362.55434123_9_19_15_23_54.wav,4.0797052154195,4.17532879818594,d
668,R402_43362.55434123_9_19_15_23_54.wav,4.18952380952381,4.363560090702951,e
669,R402_43362.55459257_9_19_15_24_19.wav,0.00775510204081633,0.280362811791383,g
670,R402_43362.55459257_9_19_15_24_19.wav,1.6137641723356,1.8937641723356,g
671,R402_43362.55459257_9_19_15_24_19.wav,2.68387755102041,2.7672335600907,i
672,R402_43362.55459257_9_19_15_24_19.wav,2.8493197278911597,2.90469387755102,i
673,R402_43362.55459257_9_19_15_24_19.wav,2.97154195011338,3.01975056689342,a
674,R402_43362.55459257_9_19_15_24_19.wav,3.03691609977324,3.2143537414966,b
675,R402_43362.55459257_9_19_15_24_19.wav,3.2347619047619,3.33315192743764,c
676,R402_43362.55459257_9_19_15_24_19.wav,3.37485260770975,3.46589569160998,d
677,R402_43362.55459257_9_19_15_24_19.wav,3.48421768707483,3.65675736961451,e
678,R402_43362.55599023_9_19_15_26_39.wav,0.206938775510204,0.26208616780045296,i
679,R402_43362.55599023_9_19_15_26_39.wav,0.354149659863946,0.412947845804989,i
680,R402_43362.55599023_9_19_15_26_39.wav,0.48963718820861696,0.5268934240362809,i
681,R402_43362.55599023_9_19_15_26_39.wav,0.583809523809524,0.638662131519274,a
682,R402_43362.55599023_9_19_15_26_39.wav,0.6605895691609981,0.82891156462585,b
683,R402_43362.55599023_9_19_15_26_39.wav,0.852199546485261,0.951065759637188,c
684,R402_43362.55599023_9_19_15_26_39.wav,0.988956916099773,1.0870975056689298,d
685,R402_43362.55599023_9_19_15_26_39.wav,1.10206349206349,1.27455782312925,e
686,R402_43362.56656292_9_19_15_44_16.wav,0.798684807256236,0.871950113378685,i
687,R402_43362.56656292_9_19_15_44_16.wav,1.17662131519274,1.25040816326531,i
688,R402_43362.56656292_9_19_15_44_16.wav,1.71809523809524,1.7921768707483,i
689,R402_43362.56656292_9_19_15_44_16.wav,1.87866213151927,1.92365079365079,i
690,R402_43362.56656292_9_19_15_44_16.wav,1.9876643990929699,2.0334693877550998,a
691,R402_43362.56656292_9_19_15_44_16.wav,2.05319727891156,2.2265306122449,b
692,R402_43362.56656292_9_19_15_44_16.wav,2.25401360544218,2.35807256235828,c
693,R402_43362.56656292_9_19_15_44_16.wav,2.4004761904761898,2.49795918367347,d
694,R402_43362.56656292_9_19_15_44_16.wav,2.51027210884354,2.68698412698413,e
695,R402_43362.59907102_9_19_16_38_27.wav,0.000748299319727891,0.0752380952380952,i
696,R402_43362.59907102_9_19_16_38_27.wav,0.23142857142857098,0.286394557823129,i
697,R402_43362.59907102_9_19_16_38_27.wav,0.339591836734694,0.395668934240363,a
698,R402_43362.59907102_9_19_16_38_27.wav,0.417913832199546,0.5975283446712021,b
699,R402_43362.59907102_9_19_16_38_27.wav,0.609931972789116,0.710793650793651,c
700,R402_43362.59907102_9_19_16_38_27.wav,0.7482312925170069,0.842358276643991,d
701,R402_43362.59907102_9_19_16_38_27.wav,0.862562358276644,1.03512471655329,e
702,R402_43362.59907102_9_19_16_38_27.wav,1.51149659863946,1.56537414965986,i
703,R402_43362.59907102_9_19_16_38_27.wav,1.62526077097506,1.65675736961451,i
704,R402_43362.59907102_9_19_16_38_27.wav,1.7221768707483,1.7669160997732398,a
705,R402_43362.59907102_9_19_16_38_27.wav,1.7999319727891199,1.96829931972789,b
706,R402_43362.59907102_9_19_16_38_27.wav,1.99839002267574,2.09292517006803,c
707,R402_43362.59907102_9_19_16_38_27.wav,2.13909297052154,2.23122448979592,d
708,R402_43362.59907102_9_19_16_38_27.wav,2.2540589569161003,2.42521541950113,e
