files,labels,onsets,offsets
R402_43362.24526332_9_19_6_48_46.wav.not.mat,s,178.526077097506,253.333333333333
R402_43362.24526332_9_19_6_48_46.wav.not.mat,s,346.190476190476,423.537414965986
R402_43362.24526332_9_19_6_48_46.wav.not.mat,n,575.042522587088,592.052970185031
R402_43362.24526332_9_19_6_48_46.wav.not.mat,s,691.201814058957,765.283446712018
R402_43362.24526332_9_19_6_48_46.wav.not.mat,s,918.27664399093,958.231292517007
R402_43362.24526332_9_19_6_48_46.wav.not.mat,s,1017.50566893424,1081.08843537415
R402_43362.24526332_9_19_6_48_46.wav.not.mat,s,1095.07936507937,1267.07482993197
R402_43362.24526332_9_19_6_48_46.wav.not.mat,n,2834.60317460317,2870.22675736961
R402_43362.24526332_9_19_6_48_46.wav.not.mat,n,3626.2902546507,3916.88540111555
R402_43362.24526332_9_19_6_48_46.wav.not.mat,n,4774.84919892811,4803.19994492468
R402_43362.24526332_9_19_6_48_46.wav.not.mat,s,5128.34467120181,5197.50566893424
R402_43362.24526332_9_19_6_48_46.wav.not.mat,s,5437.86848072563,5524.80725623583
R402_43362.24526332_9_19_6_48_46.wav.not.mat,s,5593.74149659864,5679.27437641723
R402_43362.24526332_9_19_6_48_46.wav.not.mat,s,5915.98639455782,5986.05442176871
R402_43362.24526332_9_19_6_48_46.wav.not.mat,s,6064.03628117914,6119.63718820862
R402_43362.24526332_9_19_6_48_46.wav.not.mat,s,6179.16099773243,6236.37188208617
R402_43362.24526332_9_19_6_48_46.wav.not.mat,s,6248.7074829932,6431.42857142857
R402_43362.24526332_9_19_6_48_46.wav.not.mat,s,6440.589569161,6553.12925170068
R402_43362.24526332_9_19_6_48_46.wav.not.mat,s,6591.65532879819,6685.44217687075
R402_43362.24526332_9_19_6_48_46.wav.not.mat,s,6700.92970521542,6875.48752834467
R402_43362.24548111_9_19_6_49_8.wav.not.mat,s,0.0453514739229025,62.8571428571429
R402_43362.24548111_9_19_6_49_8.wav.not.mat,s,127.006802721088,201.315192743764
R402_43362.24548111_9_19_6_49_8.wav.not.mat,s,280.816326530612,326.417233560091
R402_43362.24548111_9_19_6_49_8.wav.not.mat,s,389.750566893424,449.977324263039
R402_43362.24548111_9_19_6_49_8.wav.not.mat,s,466.853903472125,654.865319858483
R402_43362.24548111_9_19_6_49_8.wav.not.mat,s,661.880671216183,758.692519952441
R402_43362.24548111_9_19_6_49_8.wav.not.mat,s,810.181405895692,906.349206349206
R402_43362.24548111_9_19_6_49_8.wav.not.mat,s,918.27664399093,1091.49659863946
R402_43362.24548111_9_19_6_49_8.wav.not.mat,n,1996.55062077332,2044.25501000568
R402_43362.24548111_9_19_6_49_8.wav.not.mat,s,2063.4693877551,2132.8798185941
R402_43362.24548111_9_19_6_49_8.wav.not.mat,s,2245.98639455782,2318.20861678005
R402_43362.24548111_9_19_6_49_8.wav.not.mat,s,2438.07256235828,2477.93650793651
R402_43362.24548111_9_19_6_49_8.wav.not.mat,s,2538.23129251701,2604.44444444444
R402_43362.24548111_9_19_6_49_8.wav.not.mat,s,2617.61904761905,2787.48299319728
R402_43362.24548111_9_19_6_49_8.wav.not.mat,s,2813.44671201814,2914.55782312925
R402_43362.24734678_9_19_6_52_14.wav.not.mat,n,37.3446656828013,124.881876187589
R402_43362.24734678_9_19_6_52_14.wav.not.mat,s,168.253968253968,238.707482993197
R402_43362.24734678_9_19_6_52_14.wav.not.mat,s,517.823129251701,577.800453514739
R402_43362.24734678_9_19_6_52_14.wav.not.mat,s,662.358276643991,734.920634920635
R402_43362.24734678_9_19_6_52_14.wav.not.mat,s,766.754125516648,784.422186352477
R402_43362.24734678_9_19_6_52_14.wav.not.mat,s,806.417233560091,851.360544217687
R402_43362.24734678_9_19_6_52_14.wav.not.mat,s,877.781456096493,893.040235909254
R402_43362.24734678_9_19_6_52_14.wav.not.mat,s,913.242630385487,959.115646258503
R402_43362.24734678_9_19_6_52_14.wav.not.mat,s,989.501133786848,1165.0566893424
R402_43362.24734678_9_19_6_52_14.wav.not.mat,s,1180.8843537415,1284.71655328798
R402_43362.24734678_9_19_6_52_14.wav.not.mat,s,1325.41950113379,1419.47845804989
R402_43362.24734678_9_19_6_52_14.wav.not.mat,s,1435.37414965986,1607.30158730159
R402_43362.24743781_9_19_6_52_23.wav.not.mat,s,0.0453514739229025,67.1655328798186
R402_43362.24743781_9_19_6_52_23.wav.not.mat,s,282.791934013729,376.09817103384
R402_43362.24743781_9_19_6_52_23.wav.not.mat,s,497.66439909297,536.281179138322
R402_43362.24743781_9_19_6_52_23.wav.not.mat,s,608.321995464853,665.034013605442
R402_43362.24743781_9_19_6_52_23.wav.not.mat,s,682.902494331066,861.56462585034
R402_43362.24743781_9_19_6_52_23.wav.not.mat,s,878.59410430839,981.746031746032
R402_43362.24743781_9_19_6_52_23.wav.not.mat,s,1023.1746031746,1118.34467120181
R402_43362.24743781_9_19_6_52_23.wav.not.mat,s,1133.99092970522,1302.06349206349
R402_43362.24743781_9_19_6_52_23.wav.not.mat,s,2382.81179138322,2431.38321995465
R402_43362.24743781_9_19_6_52_23.wav.not.mat,s,2533.01587301587,2567.93650793651
R402_43362.24743781_9_19_6_52_23.wav.not.mat,s,2633.83219954648,2686.84807256236
R402_43362.24743781_9_19_6_52_23.wav.not.mat,s,2713.71882086168,2884.01360544218
R402_43362.24743781_9_19_6_52_23.wav.not.mat,s,2911.95011337868,3014.6485260771
R402_43362.24743781_9_19_6_52_23.wav.not.mat,s,3051.40589569161,3155.82766439909
R402_43362.24743781_9_19_6_52_23.wav.not.mat,s,3167.80045351474,3335.78231292517
R402_43362.24743781_9_19_6_52_23.wav.not.mat,n,4182.92000144478,4230.98685081878
R402_43362.24743781_9_19_6_52_23.wav.not.mat,n,5083.81934333577,5114.92142234247
R402_43362.24743781_9_19_6_52_23.wav.not.mat,n,5445.73444450468,5475.42279264745
R402_43362.24743781_9_19_6_52_23.wav.not.mat,n,5584.63285073143,5786.796364275
R402_43362.24743781_9_19_6_52_23.wav.not.mat,n,6454.43011361571,6481.29100003059
R402_43362.24743781_9_19_6_52_23.wav.not.mat,n,7657.86786039009,11737.5397475417
R402_43362.24743781_9_19_6_52_23.wav.not.mat,n,11857.3696145125,11893.8548752834
R402_43362.24743781_9_19_6_52_23.wav.not.mat,n,12064.4643586726,12603.0958178341
R402_43362.24743781_9_19_6_52_23.wav.not.mat,s,13427.7551020408,13502.8571428571
R402_43362.24743781_9_19_6_52_23.wav.not.mat,s,13626.6439909297,13676.8253968254
R402_43362.24743781_9_19_6_52_23.wav.not.mat,s,13783.0839002268,13850.0680272109
R402_43362.24743781_9_19_6_52_23.wav.not.mat,s,13928.8888888889,13972.5170068027
R402_43362.24743781_9_19_6_52_23.wav.not.mat,s,14039.7052154195,14095.3514739229
R402_43362.24743781_9_19_6_52_23.wav.not.mat,s,14112.8571428571,14291.2471655329
R402_43362.24743781_9_19_6_52_23.wav.not.mat,s,14310.6575963719,14413.2653061225
R402_43362.24743781_9_19_6_52_23.wav.not.mat,s,14454.6485260771,14547.5283446712
R402_43362.24743781_9_19_6_52_23.wav.not.mat,s,14560.2947845805,14736.4172335601
R402_43362.24743781_9_19_6_52_23.wav.not.mat,s,14886.3038548753,14941.2925170068
R402_43362.24743781_9_19_6_52_23.wav.not.mat,s,14999.1609977324,15046.1904761905
R402_43362.24743781_9_19_6_52_23.wav.not.mat,s,15101.6553287982,15156.5306122449
R402_43362.24743781_9_19_6_52_23.wav.not.mat,s,15176.8707482993,15354.3990929705
R402_43362.24743781_9_19_6_52_23.wav.not.mat,s,15375.3968253968,15476.5986394558
R402_43362.24743781_9_19_6_52_23.wav.not.mat,s,15521.3605442177,15619.2290249433
R402_43362.24743781_9_19_6_52_23.wav.not.mat,s,15633.5600907029,15813.5827664399
R402_43362.24767729_9_19_6_52_47.wav.not.mat,s,152.766439909297,218.798185941043
R402_43362.24767729_9_19_6_52_47.wav.not.mat,n,233.330923123483,276.054045740538
R402_43362.24767729_9_19_6_52_47.wav.not.mat,s,302.244897959184,399.410430839002
R402_43362.24767729_9_19_6_52_47.wav.not.mat,s,626.916099773243,701.587301587302
R402_43362.24767729_9_19_6_52_47.wav.not.mat,s,761.128126000808,849.719320599427
R402_43362.24767729_9_19_6_52_47.wav.not.mat,s,903.242630385488,952.131519274377
R402_43362.24767729_9_19_6_52_47.wav.not.mat,s,1015.2380952381,1078.09523809524
R402_43362.24767729_9_19_6_52_47.wav.not.mat,s,1095.28344671202,1273.33333333333
R402_43362.24767729_9_19_6_52_47.wav.not.mat,s,1290.11337868481,1391.70068027211
R402_43362.24767729_9_19_6_52_47.wav.not.mat,s,1429.07029478458,1523.12925170068
R402_43362.24767729_9_19_6_52_47.wav.not.mat,s,1536.41723356009,1709.16099773243
R402_43362.24767729_9_19_6_52_47.wav.not.mat,s,1842.56235827664,1892.81179138322
R402_43362.24767729_9_19_6_52_47.wav.not.mat,s,2355.44217687075,2430.65759637188
R402_43362.24767729_9_19_6_52_47.wav.not.mat,s,2511.13378684807,2559.65986394558
R402_43362.24767729_9_19_6_52_47.wav.not.mat,s,2630.15873015873,2686.16780045351
R402_43362.24767729_9_19_6_52_47.wav.not.mat,s,2706.39455782313,2882.81179138322
R402_43362.24767729_9_19_6_52_47.wav.not.mat,s,2896.14512471655,3009.09297052154
R402_43362.24767729_9_19_6_52_47.wav.not.mat,s,3049.65986394558,3144.67120181406
R402_43362.24767729_9_19_6_52_47.wav.not.mat,s,3163.4693877551,3337.21088435374
R402_43362.24767729_9_19_6_52_47.wav.not.mat,s,3478.32199546485,3533.53741496599
R402_43362.24767729_9_19_6_52_47.wav.not.mat,s,3575.3514739229,3622.29024943311
R402_43362.24767729_9_19_6_52_47.wav.not.mat,s,3692.60770975057,3740.63492063492
R402_43362.24767729_9_19_6_52_47.wav.not.mat,s,3773.08390022676,3947.86848072562
R402_43362.24767729_9_19_6_52_47.wav.not.mat,s,3971.45124716553,4072.13151927438
R402_43362.24767729_9_19_6_52_47.wav.not.mat,s,4088.04213153642,4112.08831292748
R402_43362.24767729_9_19_6_52_47.wav.not.mat,s,4125.3514739229,4221.70068027211
R402_43362.24767729_9_19_6_52_47.wav.not.mat,s,4243.80952380952,4416.09977324263
R402_43362.24767729_9_19_6_52_47.wav.not.mat,n,4461.70655154642,5064.12667481703
R402_43362.24767729_9_19_6_52_47.wav.not.mat,s,5090.7029478458,5156.19047619048
R402_43362.24767729_9_19_6_52_47.wav.not.mat,s,5254.17233560091,5326.96145124717
R402_43362.24767729_9_19_6_52_47.wav.not.mat,s,5382.99319727891,5429.02494331066
R402_43362.24767729_9_19_6_52_47.wav.not.mat,s,5445.06881159109,5466.58381599361
R402_43362.24767729_9_19_6_52_47.wav.not.mat,s,5477.21088435374,5548.50340136054
R402_43362.24767729_9_19_6_52_47.wav.not.mat,s,5569.34240362812,5744.03628117914
R402_43362.24767729_9_19_6_52_47.wav.not.mat,s,5768.00453514739,5867.25623582766
R402_43362.24767729_9_19_6_52_47.wav.not.mat,s,5909.93197278912,6002.85714285714
R402_43362.24767729_9_19_6_52_47.wav.not.mat,s,6021.38321995465,6197.73242630385
R402_43362.24767729_9_19_6_52_47.wav.not.mat,s,6322.15419501134,6374.87528344671
R402_43362.24767729_9_19_6_52_47.wav.not.mat,s,6671.79138321995,6921.85941043084
R402_43362.24767729_9_19_6_52_47.wav.not.mat,s,7897.1201814059,8172.67573696145
R402_43362.24767729_9_19_6_52_47.wav.not.mat,n,9205.12989636721,9979.98586905953
R402_43362.24767729_9_19_6_52_47.wav.not.mat,s,10712.0181405896,10941.2244897959
R402_43362.24767729_9_19_6_52_47.wav.not.mat,s,11796.8480725624,11863.0158730159
R402_43362.24767729_9_19_6_52_47.wav.not.mat,s,12083.2653061224,12141.2698412698
R402_43362.24767729_9_19_6_52_47.wav.not.mat,s,12202.8117913832,12256.0997732426
R402_43362.24767729_9_19_6_52_47.wav.not.mat,s,12284.2403628118,12458.8662131519
R402_43362.24767729_9_19_6_52_47.wav.not.mat,s,12467.4829931973,12576.0544217687
R402_43362.24767729_9_19_6_52_47.wav.not.mat,s,12616.9160997732,12710.0680272109
R402_43362.24767729_9_19_6_52_47.wav.not.mat,s,12724.2857142857,12897.7551020408
R402_43362.24767729_9_19_6_52_47.wav.not.mat,s,13027.5056689342,13075.1247165533
R402_43362.24767729_9_19_6_52_47.wav.not.mat,s,13143.5827664399,13192.2222222222
R402_43362.24767729_9_19_6_52_47.wav.not.mat,s,13240.4535147392,13304.7392290249
R402_43362.24767729_9_19_6_52_47.wav.not.mat,s,13318.6848072562,13500.1133786848
R402_43362.24767729_9_19_6_52_47.wav.not.mat,s,13518.5260770975,13621.746031746
R402_43362.24767729_9_19_6_52_47.wav.not.mat,s,13665.7596371882,13766.7120181406
R402_43362.24767729_9_19_6_52_47.wav.not.mat,s,13779.6825396825,13959.2743764172
R402_43362.24796884_9_19_6_53_16.wav.not.mat,s,1.06575963718821,72.0408163265306
R402_43362.24796884_9_19_6_53_16.wav.not.mat,s,157.664399092971,231.40589569161
R402_43362.24796884_9_19_6_53_16.wav.not.mat,s,543.28798185941,620.272108843537
R402_43362.24796884_9_19_6_53_16.wav.not.mat,s,717.006802721088,774.580498866213
R402_43362.24796884_9_19_6_53_16.wav.not.mat,s,834.195011337868,891.201814058957
R402_43362.24796884_9_19_6_53_16.wav.not.mat,s,914.668482775777,1092.08239586395
R402_43362.24796884_9_19_6_53_16.wav.not.mat,s,1106.67974314336,1220.08990277568
R402_43362.24796884_9_19_6_53_16.wav.not.mat,s,1251.36054421769,1350.20408163265
R402_43362.24796884_9_19_6_53_16.wav.not.mat,s,1364.62585034014,1542.8798185941
R402_43362.24796884_9_19_6_53_16.wav.not.mat,s,2308.4126984127,2387.2335600907
R402_43362.24796884_9_19_6_53_16.wav.not.mat,s,2463.1746031746,2523.94557823129
R402_43362.24796884_9_19_6_53_16.wav.not.mat,s,2586.06371189165,2666.91055836221
R402_43362.24796884_9_19_6_53_16.wav.not.mat,s,2672.52492270044,2852.18458152391
R402_43362.24796884_9_19_6_53_16.wav.not.mat,s,2860.81632653061,2964.6485260771
R402_43362.24796884_9_19_6_53_16.wav.not.mat,s,3007.5283446712,3105.73696145125
R402_43362.24796884_9_19_6_53_16.wav.not.mat,s,3120.20408163265,3300.18140589569
R402_43362.24877313_9_19_6_54_37.wav.not.mat,s,0.0453514739229025,51.9274376417234
R402_43362.24877313_9_19_6_54_37.wav.not.mat,s,134.648526077098,200.385487528345
R402_43362.24877313_9_19_6_54_37.wav.not.mat,s,408.185941043084,474.875283446712
R402_43362.24877313_9_19_6_54_37.wav.not.mat,s,703.832199546485,741.337868480726
R402_43362.24877313_9_19_6_54_37.wav.not.mat,s,798.639455782313,861.065759637188
R402_43362.24877313_9_19_6_54_37.wav.not.mat,s,880.068027210884,1060.61224489796
R402_43362.24877313_9_19_6_54_37.wav.not.mat,s,1078.84353741497,1183.92290249433
R402_43362.24877313_9_19_6_54_37.wav.not.mat,s,1219.63718820862,1319.18367346939
R402_43362.24877313_9_19_6_54_37.wav.not.mat,s,1335.66893424036,1519.20634920635
R402_43362.24877313_9_19_6_54_37.wav.not.mat,s,2252.65306122449,2325.60090702948
R402_43362.24877313_9_19_6_54_37.wav.not.mat,s,2432.94784580499,2462.99319727891
R402_43362.24877313_9_19_6_54_37.wav.not.mat,s,2500.9977324263,2553.08390022676
R402_43362.24877313_9_19_6_54_37.wav.not.mat,s,2616.37188208617,2673.99092970522
R402_43362.24877313_9_19_6_54_37.wav.not.mat,s,2700.38548752834,2873.19727891156
R402_43362.24877313_9_19_6_54_37.wav.not.mat,s,2893.26530612245,3000.47619047619
R402_43362.24877313_9_19_6_54_37.wav.not.mat,s,3037.07482993197,3128.52607709751
R402_43362.24877313_9_19_6_54_37.wav.not.mat,s,3145.39682539683,3323.49206349206
R402_43362.24877313_9_19_6_54_37.wav.not.mat,n,4320.89495161714,4958.32008807552
R402_43362.24877313_9_19_6_54_37.wav.not.mat,s,5085.75963718821,5157.84580498866
R402_43362.24877313_9_19_6_54_37.wav.not.mat,s,5243.92290249433,5315.51020408163
R402_43362.24877313_9_19_6_54_37.wav.not.mat,s,5458.27664399093,5505.48752834467
R402_43362.24877313_9_19_6_54_37.wav.not.mat,s,5556.98412698413,5623.26530612245
R402_43362.24877313_9_19_6_54_37.wav.not.mat,s,5647.32426303855,5821.85941043084
R402_43362.24877313_9_19_6_54_37.wav.not.mat,s,5838.66213151927,5942.31292517007
R402_43362.24877313_9_19_6_54_37.wav.not.mat,s,5979.88662131519,6079.13832199546
R402_43362.24877313_9_19_6_54_37.wav.not.mat,s,6089.38775510204,6263.65079365079
R402_43362.24877313_9_19_6_54_37.wav.not.mat,s,6539.79591836735,6591.63265306122
R402_43362.24877313_9_19_6_54_37.wav.not.mat,s,6644.85260770975,6697.46031746032
R402_43362.24877313_9_19_6_54_37.wav.not.mat,s,6753.1746031746,6819.27437641723
R402_43362.24877313_9_19_6_54_37.wav.not.mat,s,6831.67800453515,7007.57369614513
R402_43362.24877313_9_19_6_54_37.wav.not.mat,s,7030.18140589569,7134.80725623583
R402_43362.24877313_9_19_6_54_37.wav.not.mat,s,7177.46031746032,7275.01133786848
R402_43362.24877313_9_19_6_54_37.wav.not.mat,s,7291.06575963719,7461.83673469388
R402_43362.24913379_9_19_6_55_13.wav.not.mat,s,121.655328798186,186.235827664399
R402_43362.24913379_9_19_6_55_13.wav.not.mat,s,274.036281179138,346.666666666667
R402_43362.24913379_9_19_6_55_13.wav.not.mat,s,423.582766439909,468.707482993197
R402_43362.24913379_9_19_6_55_13.wav.not.mat,s,531.179138321995,594.149659863946
R402_43362.24913379_9_19_6_55_13.wav.not.mat,s,616.757369614512,794.37641723356
R402_43362.24913379_9_19_6_55_13.wav.not.mat,s,806.553287981859,912.108843537415
R402_43362.24913379_9_19_6_55_13.wav.not.mat,s,946.825396825397,1041.72335600907
R402_43362.24913379_9_19_6_55_13.wav.not.mat,s,1058.39002267574,1229.27437641723
R402_43362.24913379_9_19_6_55_13.wav.not.mat,s,1547.34693877551,1600.31746031746
R402_43362.24913379_9_19_6_55_13.wav.not.mat,s,1643.67346938775,1701.83673469388
R402_43362.24913379_9_19_6_55_13.wav.not.mat,s,1749.88662131519,1815.01133786848
R402_43362.24913379_9_19_6_55_13.wav.not.mat,s,1828.25396825397,2011.81405895692
R402_43362.24913379_9_19_6_55_13.wav.not.mat,s,2027.73242630385,2128.29931972789
R402_43362.24913379_9_19_6_55_13.wav.not.mat,s,2172.78911564626,2265.48752834467
R402_43362.24913379_9_19_6_55_13.wav.not.mat,s,2285.57823129252,2438.73015873016
R402_43362.24913379_9_19_6_55_13.wav.not.mat,s,2953.01587301587,3028.34467120181
R402_43362.24913379_9_19_6_55_13.wav.not.mat,s,3108.63945578231,3169.34240362812
R402_43362.24913379_9_19_6_55_13.wav.not.mat,s,3217.68707482993,3280.79365079365
R402_43362.24913379_9_19_6_55_13.wav.not.mat,s,3300.47619047619,3491.40589569161
R402_43362.24913379_9_19_6_55_13.wav.not.mat,s,3500.09070294785,3604.96598639456
R402_43362.24913379_9_19_6_55_13.wav.not.mat,s,3642.4716553288,3742.19954648526
R402_43362.24913379_9_19_6_55_13.wav.not.mat,s,3755.41950113379,3944.24036281179
R402_43362.24913379_9_19_6_55_13.wav.not.mat,s,4070.9977324263,4127.75510204082
R402_43362.24913379_9_19_6_55_13.wav.not.mat,s,4176.41723356009,4235.41950113379
R402_43362.24913379_9_19_6_55_13.wav.not.mat,s,4281.8820861678,4350.24943310658
R402_43362.24913379_9_19_6_55_13.wav.not.mat,s,4363.24263038549,4550.90702947846
R402_43362.24913379_9_19_6_55_13.wav.not.mat,s,4560.2947845805,4667.89115646259
R402_43362.25071890_9_19_6_57_51.wav.not.mat,s,206.031746031746,323.469387755102
R402_43362.25071890_9_19_6_57_51.wav.not.mat,s,359.455782312925,426.009070294785
R402_43362.25071890_9_19_6_57_51.wav.not.mat,n,496.404989910618,712.993197436152
R402_43362.25071890_9_19_6_57_51.wav.not.mat,s,840.204081632653,905.850340136054
R402_43362.25071890_9_19_6_57_51.wav.not.mat,s,1050.38548752835,1081.36054421769
R402_43362.25071890_9_19_6_57_51.wav.not.mat,s,1160.97505668934,1200.61224489796
R402_43362.25071890_9_19_6_57_51.wav.not.mat,s,1231.36054421769,1407.1201814059
R402_43362.25071890_9_19_6_57_51.wav.not.mat,s,1426.68934240363,1527.36961451247
R402_43362.25071890_9_19_6_57_51.wav.not.mat,s,1571.97278911565,1670.09070294785
R402_43362.25071890_9_19_6_57_51.wav.not.mat,s,1692.78911564626,1857.66439909297
R402_43362.25071890_9_19_6_57_51.wav.not.mat,n,1900.4940593865,2497.97876980177
R402_43362.25071890_9_19_6_57_51.wav.not.mat,s,2568.27664399093,2643.08390022676
R402_43362.25071890_9_19_6_57_51.wav.not.mat,s,2789.63718820862,2842.26757369615
R402_43362.25071890_9_19_6_57_51.wav.not.mat,s,2906.78004535147,2953.78684807256
R402_43362.25071890_9_19_6_57_51.wav.not.mat,s,2982.10884353741,3153.7641723356
R402_43362.25071890_9_19_6_57_51.wav.not.mat,s,3178.84353741497,3278.91156462585
R402_43362.25071890_9_19_6_57_51.wav.not.mat,s,3320.9977324263,3410.65759637188
R402_43362.25071890_9_19_6_57_51.wav.not.mat,s,3433.01587301587,3602.99319727891
R402_43362.25165068_9_19_6_59_25.wav.not.mat,s,0.0453514739229025,49.5918367346939
R402_43362.25165068_9_19_6_59_25.wav.not.mat,s,899.909297052154,970.748299319728
R402_43362.25165068_9_19_6_59_25.wav.not.mat,s,1202.29024943311,1270.589569161
R402_43362.25165068_9_19_6_59_25.wav.not.mat,s,1520.92970521542,1602.97052154195
R402_43362.25165068_9_19_6_59_25.wav.not.mat,s,1699.25170068027,1744.28571428571
R402_43362.25165068_9_19_6_59_25.wav.not.mat,s,1799.93197278912,1859.07029478458
R402_43362.25165068_9_19_6_59_25.wav.not.mat,s,1878.61678004535,2049.90929705215
R402_43362.25165068_9_19_6_59_25.wav.not.mat,s,2069.63718820862,2172.58503401361
R402_43362.25165068_9_19_6_59_25.wav.not.mat,s,2217.75510204082,2311.5873015873
R402_43362.25165068_9_19_6_59_25.wav.not.mat,s,2331.56462585034,2494.85260770975
R402_43362.25165068_9_19_6_59_25.wav.not.mat,s,3152.24489795918,3221.2925170068
R402_43362.25165068_9_19_6_59_25.wav.not.mat,s,3279.79591836735,3332.78911564626
R402_43362.25165068_9_19_6_59_25.wav.not.mat,s,3385.32879818594,3438.4126984127
R402_43362.25165068_9_19_6_59_25.wav.not.mat,s,3461.47392290249,3640.40816326531
R402_43362.25165068_9_19_6_59_25.wav.not.mat,s,3661.13378684807,3758.63945578231
R402_43362.25165068_9_19_6_59_25.wav.not.mat,s,3803.21995464853,3899.63718820862
R402_43362.25165068_9_19_6_59_25.wav.not.mat,s,3911.36054421769,4083.78684807256
R402_43362.25165068_9_19_6_59_25.wav.not.mat,s,4376.09977324263,4447.75510204082
R402_43362.25165068_9_19_6_59_25.wav.not.mat,s,4516.21315192744,4566.19047619048
R402_43362.25165068_9_19_6_59_25.wav.not.mat,s,4623.33333333333,4678.57142857143
R402_43362.25165068_9_19_6_59_25.wav.not.mat,s,4701.81405895692,4875.48752834467
R402_43362.25165068_9_19_6_59_25.wav.not.mat,s,4899.86394557823,5000.38548752834
R402_43362.25165068_9_19_6_59_25.wav.not.mat,s,5044.30839002268,5130.86167800454
R402_43362.25165068_9_19_6_59_25.wav.not.mat,s,5146.8253968254,5316.64399092971
R402_43362.25165068_9_19_6_59_25.wav.not.mat,s,5683.26530612245,5746.71201814059
R402_43362.25165068_9_19_6_59_25.wav.not.mat,s,5808.7074829932,5855.69160997733
R402_43362.25165068_9_19_6_59_25.wav.not.mat,s,5923.35600907029,5984.78458049887
R402_43362.25165068_9_19_6_59_25.wav.not.mat,s,6001.63265306122,6170
R402_43362.25165068_9_19_6_59_25.wav.not.mat,s,6201.49659863946,6303.0612244898
R402_43362.25165068_9_19_6_59_25.wav.not.mat,s,6347.75510204082,6443.44671201814
R402_43362.25165068_9_19_6_59_25.wav.not.mat,s,6460.65759637188,6633.19727891157
R402_43362.25195964_9_19_6_59_55.wav.not.mat,s,39.3110078242588,78.3094866412275
R402_43362.25195964_9_19_6_59_55.wav.not.mat,s,90.2256885019679,111.891510066951
R402_43362.25195964_9_19_6_59_55.wav.not.mat,s,125.034013605442,192.312925170068
R402_43362.25195964_9_19_6_59_55.wav.not.mat,n,290.351892784044,350.69109729632
R402_43362.25195964_9_19_6_59_55.wav.not.mat,s,388.956916099773,470.272108843537
R402_43362.25195964_9_19_6_59_55.wav.not.mat,s,531.995464852608,593.401360544218
R402_43362.25195964_9_19_6_59_55.wav.not.mat,s,648.75283446712,700.657596371882
R402_43362.25195964_9_19_6_59_55.wav.not.mat,s,723.492063492063,901.473922902494
R402_43362.25195964_9_19_6_59_55.wav.not.mat,s,928.253968253968,1026.48526077098
R402_43362.25195964_9_19_6_59_55.wav.not.mat,s,1065.60090702948,1156.43990929705
R402_43362.25195964_9_19_6_59_55.wav.not.mat,s,1173.53741496599,1346.89342403628
R402_43362.25195964_9_19_6_59_55.wav.not.mat,s,1473.24263038549,1530.70294784581
R402_43362.25195964_9_19_6_59_55.wav.not.mat,s,1583.49206349206,1624.48979591837
R402_43362.25195964_9_19_6_59_55.wav.not.mat,s,1690.36281179138,1750.90702947846
R402_43362.25195964_9_19_6_59_55.wav.not.mat,s,1763.26530612245,1945.98639455782
R402_43362.25195964_9_19_6_59_55.wav.not.mat,s,1966.75736961451,2070.79365079365
R402_43362.25195964_9_19_6_59_55.wav.not.mat,s,2125.6462585034,2213.60544217687
R402_43362.25195964_9_19_6_59_55.wav.not.mat,s,2230.2947845805,2411.63265306122
R402_43362.25195964_9_19_6_59_55.wav.not.mat,s,3169.84126984127,3240.72562358277
R402_43362.25195964_9_19_6_59_55.wav.not.mat,s,3324.0589569161,3393.01587301587
R402_43362.25195964_9_19_6_59_55.wav.not.mat,s,3484.08163265306,3543.31065759637
R402_43362.25195964_9_19_6_59_55.wav.not.mat,s,3592.78911564626,3646.30385487528
R402_43362.25195964_9_19_6_59_55.wav.not.mat,s,3668.43537414966,3847.55102040816
R402_43362.25195964_9_19_6_59_55.wav.not.mat,s,3867.89115646259,3968.25396825397
R402_43362.25195964_9_19_6_59_55.wav.not.mat,s,4010.90702947846,4108.57142857143
R402_43362.25195964_9_19_6_59_55.wav.not.mat,s,4119.65986394558,4294.30839002268
R402_43362.25195964_9_19_6_59_55.wav.not.mat,s,4435.39682539683,4487.77777777778
R402_43362.25195964_9_19_6_59_55.wav.not.mat,s,4542.13151927438,4595.53287981859
R402_43362.25195964_9_19_6_59_55.wav.not.mat,s,4647.93650793651,4709.36507936508
R402_43362.25195964_9_19_6_59_55.wav.not.mat,s,4724.58049886621,4906.48526077098
R402_43362.25195964_9_19_6_59_55.wav.not.mat,s,4923.31065759637,5027.77777777778
R402_43362.25195964_9_19_6_59_55.wav.not.mat,s,5074.3537414966,5164.17233560091
R402_43362.25195964_9_19_6_59_55.wav.not.mat,s,5179.31972789116,5358.84353741497
R402_43362.25394147_9_19_7_3_14.wav.not.mat,s,5.98639455782313,77.3696145124717
R402_43362.25394147_9_19_7_3_14.wav.not.mat,s,147.981859410431,220.362811791383
R402_43362.25394147_9_19_7_3_14.wav.not.mat,s,287.936507936508,346.643990929705
R402_43362.25394147_9_19_7_3_14.wav.not.mat,s,397.732426303855,455.487528344671
R402_43362.25394147_9_19_7_3_14.wav.not.mat,s,477.878636843531,645.215859651918
R402_43362.25394147_9_19_7_3_14.wav.not.mat,s,667.714982046323,761.930057072894
R402_43362.25394147_9_19_7_3_14.wav.not.mat,s,808.208616780045,912.517006802721
R402_43362.25394147_9_19_7_3_14.wav.not.mat,s,922.721088435374,1091.81405895692
R402_43362.25394147_9_19_7_3_14.wav.not.mat,s,1788.63945578231,1863.15192743764
R402_43362.25394147_9_19_7_3_14.wav.not.mat,s,1927.86848072562,1981.70068027211
R402_43362.25394147_9_19_7_3_14.wav.not.mat,s,2037.14285714286,2092.56235827664
R402_43362.25394147_9_19_7_3_14.wav.not.mat,s,2115.04069213935,2304.87703734214
R402_43362.25394147_9_19_7_3_14.wav.not.mat,s,2310.50181794074,2406.12308811696
R402_43362.25394147_9_19_7_3_14.wav.not.mat,s,2455.87301587302,2553.37868480726
R402_43362.25394147_9_19_7_3_14.wav.not.mat,s,2570.06802721088,2745.21541950113
R402_43362.25461297_9_19_7_4_21.wav.not.mat,s,450.861678004535,696.462585034014
R402_43362.25461297_9_19_7_4_21.wav.not.mat,s,769.863945578231,863.197278911565
R402_43362.25461297_9_19_7_4_21.wav.not.mat,s,962.789115646258,1017.39229024943
R402_43362.25461297_9_19_7_4_21.wav.not.mat,s,1075.3514739229,1129.410430839
R402_43362.25461297_9_19_7_4_21.wav.not.mat,s,1151.51927437642,1330.09070294785
R402_43362.25461297_9_19_7_4_21.wav.not.mat,s,1343.62811791383,1450.2947845805
R402_43362.25461297_9_19_7_4_21.wav.not.mat,s,1487.5283446712,1584.85260770975
R402_43362.25461297_9_19_7_4_21.wav.not.mat,s,1599.34240362812,1769.72789115646
R402_43362.25461297_9_19_7_4_21.wav.not.mat,s,2840.49886621315,2912.29024943311
R402_43362.25461297_9_19_7_4_21.wav.not.mat,s,3046.16780045351,3091.02040816327
R402_43362.25461297_9_19_7_4_21.wav.not.mat,s,3160.15873015873,3220.72562358277
R402_43362.25461297_9_19_7_4_21.wav.not.mat,s,3240.34013605442,3415.46485260771
R402_43362.25461297_9_19_7_4_21.wav.not.mat,s,3433.74149659864,3531.51927437642
R402_43362.25461297_9_19_7_4_21.wav.not.mat,s,3583.33333333333,3677.86848072562
R402_43362.25461297_9_19_7_4_21.wav.not.mat,s,3689.72789115646,3865.53287981859
R402_43362.25461297_9_19_7_4_21.wav.not.mat,s,4046.05442176871,4100.74829931973
R402_43362.25461297_9_19_7_4_21.wav.not.mat,s,4162.74376417234,4216.16780045351
R402_43362.25461297_9_19_7_4_21.wav.not.mat,s,4264.58049886621,4324.3537414966
R402_43362.25461297_9_19_7_4_21.wav.not.mat,s,4341.06575963719,4520.38548752835
R402_43362.25461297_9_19_7_4_21.wav.not.mat,s,4535.9410430839,4644.03628117914
R402_43362.25461297_9_19_7_4_21.wav.not.mat,s,4682.60770975057,4773.80952380952
R402_43362.25461297_9_19_7_4_21.wav.not.mat,s,4792.67573696145,4970.13605442177
R402_43362.25469644_9_19_7_4_29.wav.not.mat,s,512.199546485261,584.421768707483
R402_43362.25469644_9_19_7_4_29.wav.not.mat,s,645.918367346939,722.517006802721
R402_43362.25469644_9_19_7_4_29.wav.not.mat,s,832.789115646258,900
R402_43362.25469644_9_19_7_4_29.wav.not.mat,s,949.433106575964,1003.87755102041
R402_43362.25469644_9_19_7_4_29.wav.not.mat,s,1023.12925170068,1204.67120181406
R402_43362.25469644_9_19_7_4_29.wav.not.mat,s,1212.7664399093,1321.06575963719
R402_43362.25469644_9_19_7_4_29.wav.not.mat,s,1360.34013605442,1457.91383219955
R402_43362.25469644_9_19_7_4_29.wav.not.mat,s,1474.58049886621,1647.89115646259
R402_43362.25469644_9_19_7_4_29.wav.not.mat,s,1932.19954648526,1983.96825396825
R402_43362.25469644_9_19_7_4_29.wav.not.mat,s,2042.33560090703,2092.94784580499
R402_43362.25469644_9_19_7_4_29.wav.not.mat,s,2148.59410430839,2204.08163265306
R402_43362.25469644_9_19_7_4_29.wav.not.mat,s,2230,2403.03854875283
R402_43362.25469644_9_19_7_4_29.wav.not.mat,s,2428.4126984127,2531.11111111111
R402_43362.25469644_9_19_7_4_29.wav.not.mat,s,2571.49659863946,2663.99092970522
R402_43362.25469644_9_19_7_4_29.wav.not.mat,s,2682.35827664399,2860.68027210884
R402_43362.25469644_9_19_7_4_29.wav.not.mat,s,3001.08843537415,3053.12925170068
R402_43362.25469644_9_19_7_4_29.wav.not.mat,s,3097.57369614512,3155.46485260771
R402_43362.25469644_9_19_7_4_29.wav.not.mat,s,3208.48072562358,3266.09977324263
R402_43362.25469644_9_19_7_4_29.wav.not.mat,s,3288.48072562358,3479.22902494331
R402_43362.25469644_9_19_7_4_29.wav.not.mat,s,3489.77324263039,3595.3514739229
R402_43362.25469644_9_19_7_4_29.wav.not.mat,s,3643.24263038549,3736.50793650794
R402_43362.25469644_9_19_7_4_29.wav.not.mat,s,3755.66893424036,3928.48072562358
R402_43362.25469644_9_19_7_4_29.wav.not.mat,s,4445.82766439909,4506.91609977324
R402_43362.25469644_9_19_7_4_29.wav.not.mat,s,4659.7052154195,4720.09070294785
R402_43362.25469644_9_19_7_4_29.wav.not.mat,s,4773.58276643991,4833.33333333333
R402_43362.25469644_9_19_7_4_29.wav.not.mat,s,4848.29931972789,5031.24716553288
R402_43362.25469644_9_19_7_4_29.wav.not.mat,s,5055.60090702948,5155.19274376417
R402_43362.25469644_9_19_7_4_29.wav.not.mat,s,5198.43537414966,5291.08843537415
R402_43362.25469644_9_19_7_4_29.wav.not.mat,s,5311.54195011338,5488.04988662132
R402_43362.25505129_9_19_7_5_5.wav.not.mat,s,121.8820861678,195.396825396825
R402_43362.25505129_9_19_7_5_5.wav.not.mat,s,568.43537414966,632.358276643991
R402_43362.25505129_9_19_7_5_5.wav.not.mat,s,738.458049886621,806.25850340136
R402_43362.25505129_9_19_7_5_5.wav.not.mat,s,863.333333333333,899.478458049887
R402_43362.25505129_9_19_7_5_5.wav.not.mat,s,985.419501133787,1041.70068027211
R402_43362.25505129_9_19_7_5_5.wav.not.mat,s,1062.29024943311,1229.29705215419
R402_43362.25505129_9_19_7_5_5.wav.not.mat,s,1260.24943310658,1359.61451247166
R402_43362.25505129_9_19_7_5_5.wav.not.mat,s,1402.4716553288,1497.98185941043
R402_43362.25505129_9_19_7_5_5.wav.not.mat,s,1513.90022675737,1687.46031746032
R402_43362.25505129_9_19_7_5_5.wav.not.mat,s,2103.92290249433,2182.92517006803
R402_43362.25505129_9_19_7_5_5.wav.not.mat,s,2292.7664399093,2338.63945578231
R402_43362.25505129_9_19_7_5_5.wav.not.mat,s,2398.36734693878,2454.9433106576
R402_43362.25505129_9_19_7_5_5.wav.not.mat,s,2479.07029478458,2648.04988662132
R402_43362.25505129_9_19_7_5_5.wav.not.mat,s,2675.46485260771,2780.83900226757
R402_43362.25505129_9_19_7_5_5.wav.not.mat,s,2821.74603174603,2918.1179138322
R402_43362.25505129_9_19_7_5_5.wav.not.mat,s,2936.28117913832,3105.6462585034
R402_43362.25505129_9_19_7_5_5.wav.not.mat,s,3544.01360544218,3615.87301587302
R402_43362.25505129_9_19_7_5_5.wav.not.mat,s,3689.36507936508,3725.32879818594
R402_43362.25505129_9_19_7_5_5.wav.not.mat,s,3787.86848072562,3844.30839002268
R402_43362.25505129_9_19_7_5_5.wav.not.mat,s,3860.36281179138,4039.90929705215
R402_43362.25505129_9_19_7_5_5.wav.not.mat,s,4066.73469387755,4169.84126984127
R402_43362.25505129_9_19_7_5_5.wav.not.mat,s,4213.1746031746,4305.6462585034
R402_43362.25505129_9_19_7_5_5.wav.not.mat,s,4324.55782312925,4494.9433106576
R402_43362.25561896_9_19_7_6_1.wav.not.mat,s,2034.33106575964,2099.38775510204
R402_43362.25561896_9_19_7_6_1.wav.not.mat,s,2168.79818594104,2240.54421768707
R402_43362.25561896_9_19_7_6_1.wav.not.mat,s,2258.07381477271,2281.77844570035
R402_43362.25561896_9_19_7_6_1.wav.not.mat,s,2326.66666666667,2364.58049886621
R402_43362.25561896_9_19_7_6_1.wav.not.mat,s,2430.74829931973,2486.89342403628
R402_43362.25561896_9_19_7_6_1.wav.not.mat,s,2509.95464852608,2690.52154195011
R402_43362.25561896_9_19_7_6_1.wav.not.mat,s,2705.71428571429,2813.10657596372
R402_43362.25561896_9_19_7_6_1.wav.not.mat,s,2851.45124716553,2944.08163265306
R402_43362.25561896_9_19_7_6_1.wav.not.mat,s,2964.67120181406,3139.13832199547
R402_43362.25561896_9_19_7_6_1.wav.not.mat,s,3327.50566893424,3382.85714285714
R402_43362.25561896_9_19_7_6_1.wav.not.mat,s,3435.80498866213,3497.39229024943
R402_43362.25561896_9_19_7_6_1.wav.not.mat,s,3551.40589569161,3614.92063492063
R402_43362.25561896_9_19_7_6_1.wav.not.mat,s,3622.13151927438,3810.52154195011
R402_43362.25561896_9_19_7_6_1.wav.not.mat,s,3823.42403628118,3931.85941043084
R402_43362.25561896_9_19_7_6_1.wav.not.mat,s,3971.99546485261,4068.23129251701
R402_43362.25561896_9_19_7_6_1.wav.not.mat,s,4091.22448979592,4267.84580498866
R402_43362.25561896_9_19_7_6_1.wav.not.mat,s,4556.89342403628,4611.13378684807
R402_43362.25561896_9_19_7_6_1.wav.not.mat,s,4666.68934240363,4733.08390022676
R402_43362.25561896_9_19_7_6_1.wav.not.mat,s,4747.59637188209,4925.19274376417
R402_43362.25561896_9_19_7_6_1.wav.not.mat,s,4943.71882086168,5050
R402_43362.25561896_9_19_7_6_1.wav.not.mat,s,5091.42857142857,5186.37188208617
R402_43362.25561896_9_19_7_6_1.wav.not.mat,s,5199.36507936508,5378.93424036281
R402_43362.25561896_9_19_7_6_1.wav.not.mat,s,5811.65532879819,5865.53287981859
R402_43362.25561896_9_19_7_6_1.wav.not.mat,s,6071.04308390023,6135.53287981859
R402_43362.25561896_9_19_7_6_1.wav.not.mat,s,6200.9977324263,6247.21088435374
R402_43362.25561896_9_19_7_6_1.wav.not.mat,s,6297.70975056689,6354.21768707483
R402_43362.25561896_9_19_7_6_1.wav.not.mat,s,6370.27210884354,6546.55328798186
R402_43362.25561896_9_19_7_6_1.wav.not.mat,s,6575.14739229025,6678.50340136054
R402_43362.25561896_9_19_7_6_1.wav.not.mat,s,6715.41950113379,6814.60317460318
R402_43362.25561896_9_19_7_6_1.wav.not.mat,s,6833.31065759637,7004.98866213152
R402_43362.25561896_9_19_7_6_1.wav.not.mat,s,7244.41008091485,7263.93154167879
R402_43362.25561896_9_19_7_6_1.wav.not.mat,s,7272.13151927438,7525.9410430839
R402_43362.25561896_9_19_7_6_1.wav.not.mat,s,7860.20408163265,7912.35827664399
R402_43362.25561896_9_19_7_6_1.wav.not.mat,s,7973.94557823129,8028.39002267574
R402_43362.25561896_9_19_7_6_1.wav.not.mat,s,8086.39455782313,8149.31972789116
R402_43362.25561896_9_19_7_6_1.wav.not.mat,s,8170.24943310658,8345.30612244898
R402_43362.25561896_9_19_7_6_1.wav.not.mat,s,8364.67120181406,8472.58503401361
R402_43362.25561896_9_19_7_6_1.wav.not.mat,s,8515.03401360544,8607.57369614512
R402_43362.25561896_9_19_7_6_1.wav.not.mat,s,8624.44444444445,8796.8253968254
R402_43362.25561896_9_19_7_6_1.wav.not.mat,s,9943.59870230096,10024.4733254658
R402_43362.25561896_9_19_7_6_1.wav.not.mat,s,10136.2358276644,10214.5124716553
R402_43362.25561896_9_19_7_6_1.wav.not.mat,s,10258.3219954649,10315.1247165533
R402_43362.25561896_9_19_7_6_1.wav.not.mat,s,10373.1065759637,10431.1337868481
R402_43362.25561896_9_19_7_6_1.wav.not.mat,s,10454.1950113379,10630.0453514739
R402_43362.25561896_9_19_7_6_1.wav.not.mat,s,10650.0907029478,10755.5555555556
R402_43362.25561896_9_19_7_6_1.wav.not.mat,s,10797.2335600907,10888.6167800454
R402_43362.25561896_9_19_7_6_1.wav.not.mat,s,10904.9659863946,11079.1383219955
R402_43362.25561896_9_19_7_6_1.wav.not.mat,n,11267.2228193513,11292.3218403335
R402_43362.25561896_9_19_7_6_1.wav.not.mat,s,11366.4172335601,11420.612244898
R402_43362.25561896_9_19_7_6_1.wav.not.mat,s,11504.3764172336,11558.0045351474
R402_43362.25561896_9_19_7_6_1.wav.not.mat,s,11611.9501133787,11675.8049886621
R402_43362.25561896_9_19_7_6_1.wav.not.mat,s,11688.0045351474,11871.6780045351
R402_43362.25561896_9_19_7_6_1.wav.not.mat,s,11894.3764172336,11994.2176870748
R402_43362.25561896_9_19_7_6_1.wav.not.mat,s,12031.5192743764,12124.126984127
R402_43362.25561896_9_19_7_6_1.wav.not.mat,s,12143.8548752834,12311.4058956916
R402_43362.25561896_9_19_7_6_1.wav.not.mat,s,12824.716553288,12899.3197278912
R402_43362.25561896_9_19_7_6_1.wav.not.mat,s,13029.7732426304,13076.5079365079
R402_43362.25561896_9_19_7_6_1.wav.not.mat,s,13141.0657596372,13204.2176870748
R402_43362.25561896_9_19_7_6_1.wav.not.mat,s,13227.4149659864,13410.6349206349
R402_43362.25561896_9_19_7_6_1.wav.not.mat,s,13428.231292517,13524.8752834467
R402_43362.25561896_9_19_7_6_1.wav.not.mat,s,13566.0317460317,13665.5328798186
R402_43362.25561896_9_19_7_6_1.wav.not.mat,s,13678.5941043084,13848.3900226757
R402_43362.25716812_9_19_7_8_36.wav.not.mat,s,102.49433106576,176.371882086168
R402_43362.25716812_9_19_7_8_36.wav.not.mat,s,254.580498866213,323.469387755102
R402_43362.25716812_9_19_7_8_36.wav.not.mat,n,362.70844981404,655.663689405782
R402_43362.25716812_9_19_7_8_36.wav.not.mat,s,670.226757369615,742.585034013605
R402_43362.25716812_9_19_7_8_36.wav.not.mat,s,1214.3537414966,1276.2358276644
R402_43362.25716812_9_19_7_8_36.wav.not.mat,s,1410.93842039984,1443.2496600607
R402_43362.25716812_9_19_7_8_36.wav.not.mat,s,1499.43310657596,1556.30385487528
R402_43362.25716812_9_19_7_8_36.wav.not.mat,s,1610.11337868481,1671.47392290249
R402_43362.25716812_9_19_7_8_36.wav.not.mat,s,1683.60544217687,1865.89569160998
R402_43362.25716812_9_19_7_8_36.wav.not.mat,s,1885.51020408163,1988.43537414966
R402_43362.25716812_9_19_7_8_36.wav.not.mat,s,2030.38548752834,2120.589569161
R402_43362.25716812_9_19_7_8_36.wav.not.mat,s,2140.45351473923,2311.02040816327
R402_43362.25732028_9_19_7_8_52.wav.not.mat,n,122.90590383997,237.661921469287
R402_43362.25732028_9_19_7_8_52.wav.not.mat,s,278.775510204082,344.263038548753
R402_43362.25732028_9_19_7_8_52.wav.not.mat,s,441.383219954648,506.961451247166
R402_43362.25732028_9_19_7_8_52.wav.not.mat,s,637.097505668934,682.81179138322
R402_43362.25732028_9_19_7_8_52.wav.not.mat,s,758.43537414966,819.455782312925
R402_43362.25732028_9_19_7_8_52.wav.not.mat,s,833.333333333333,1009.65986394558
R402_43362.25732028_9_19_7_8_52.wav.not.mat,s,1025.87301587302,1131.24716553288
R402_43362.25732028_9_19_7_8_52.wav.not.mat,s,1180.79365079365,1271.2925170068
R402_43362.25732028_9_19_7_8_52.wav.not.mat,s,1292.31292517007,1459.61451247166
R402_43362.25732028_9_19_7_8_52.wav.not.mat,n,1508.66263856585,2383.48968095671
R402_43362.25732028_9_19_7_8_52.wav.not.mat,s,2450.02267573696,2525.82766439909
R402_43362.25732028_9_19_7_8_52.wav.not.mat,n,2596.98579090233,2770.38550871722
R402_43362.25732028_9_19_7_8_52.wav.not.mat,s,2862.81179138322,2922.33560090703
R402_43362.25732028_9_19_7_8_52.wav.not.mat,s,2978.73015873016,3038.63945578231
R402_43362.25732028_9_19_7_8_52.wav.not.mat,s,3060.81632653061,3239.61451247166
R402_43362.25732028_9_19_7_8_52.wav.not.mat,s,3255.28344671202,3365.46485260771
R402_43362.25732028_9_19_7_8_52.wav.not.mat,s,3397.46031746032,3505.32879818594
R402_43362.25732028_9_19_7_8_52.wav.not.mat,s,3519.16099773243,3686.59863945578
R402_43362.25732028_9_19_7_8_52.wav.not.mat,n,3738.99092246344,4123.53028175613
R402_43362.25732028_9_19_7_8_52.wav.not.mat,s,4195.62358276644,4248.45804988662
R402_43362.25732028_9_19_7_8_52.wav.not.mat,s,4306.87074829932,4369.77324263039
R402_43362.25732028_9_19_7_8_52.wav.not.mat,s,4421.15646258503,4482.99319727891
R402_43362.25732028_9_19_7_8_52.wav.not.mat,s,4498.84353741497,4679.75056689342
R402_43362.25732028_9_19_7_8_52.wav.not.mat,s,4695.51020408163,4796.00907029478
R402_43362.25732028_9_19_7_8_52.wav.not.mat,s,4845.32879818594,4940.63492063492
R402_43362.25732028_9_19_7_8_52.wav.not.mat,s,4959.63718820862,5133.65079365079
R402_43362.25732028_9_19_7_8_52.wav.not.mat,n,5623.23378299762,5200.24048777566
R402_43362.25732028_9_19_7_8_52.wav.not.mat,s,5670.97505668934,5909.31972789116
R402_43362.25732028_9_19_7_8_52.wav.not.mat,n,5940.47875441409,6824.91928078727
R402_43362.25732028_9_19_7_8_52.wav.not.mat,s,6872.85714285714,6916.8253968254
R402_43362.25732028_9_19_7_8_52.wav.not.mat,s,6967.66439909297,7035.37414965986
R402_43362.25732028_9_19_7_8_52.wav.not.mat,s,7045.71428571429,7232.15419501134
R402_43362.25732028_9_19_7_8_52.wav.not.mat,s,7242.4716553288,7351.04308390023
R402_43362.25732028_9_19_7_8_52.wav.not.mat,s,7387.2335600907,7482.13151927438
R402_43362.25732028_9_19_7_8_52.wav.not.mat,s,7495.48752834467,7670.86167800454
R402_43362.25732028_9_19_7_8_52.wav.not.mat,n,7747.81374308973,8305.39581406413
R402_43362.25732028_9_19_7_8_52.wav.not.mat,s,8376.00907029479,8446.39455782313
R402_43362.25732028_9_19_7_8_52.wav.not.mat,s,8517.73242630386,8565.21541950114
R402_43362.25732028_9_19_7_8_52.wav.not.mat,s,8632.22222222222,8688.50340136054
R402_43362.25732028_9_19_7_8_52.wav.not.mat,s,8712.99319727891,8889.54648526077
R402_43362.25732028_9_19_7_8_52.wav.not.mat,s,8907.98185941043,9009.90929705215
R402_43362.25732028_9_19_7_8_52.wav.not.mat,s,9052.83446712018,9147.14285714286
R402_43362.25732028_9_19_7_8_52.wav.not.mat,s,9162.19954648526,9331.11111111111
R402_43362.25774400_9_19_7_9_34.wav.not.mat,s,217.142857142857,266.190476190476
R402_43362.25774400_9_19_7_9_34.wav.not.mat,s,336.190476190476,375.487528344671
R402_43362.25774400_9_19_7_9_34.wav.not.mat,s,441.8820861678,494.195011337869
R402_43362.25774400_9_19_7_9_34.wav.not.mat,s,519.591836734694,686.462585034014
R402_43362.25774400_9_19_7_9_34.wav.not.mat,s,711.383219954648,811.927437641723
R402_43362.25774400_9_19_7_9_34.wav.not.mat,s,849.909297052154,949.977324263039
R402_43362.25774400_9_19_7_9_34.wav.not.mat,s,963.469387755102,1133.65079365079
R402_43362.25774400_9_19_7_9_34.wav.not.mat,s,1743.71882086168,1816.9387755102
R402_43362.25774400_9_19_7_9_34.wav.not.mat,s,1947.27891156463,1982.1768707483
R402_43362.25774400_9_19_7_9_34.wav.not.mat,s,2047.48299319728,2099.84126984127
R402_43362.25774400_9_19_7_9_34.wav.not.mat,s,2120.43083900227,2297.00680272109
R402_43362.25774400_9_19_7_9_34.wav.not.mat,s,2317.86848072562,2418.97959183673
R402_43362.25774400_9_19_7_9_34.wav.not.mat,s,2462.63038548753,2557.07482993197
R402_43362.25774400_9_19_7_9_34.wav.not.mat,s,2571.2925170068,2749.09297052154
R402_43362.25774400_9_19_7_9_34.wav.not.mat,n,2822.14442880849,7943.254048708
R402_43362.25774400_9_19_7_9_34.wav.not.mat,s,8098.93424036281,8174.26303854875
R402_43362.25774400_9_19_7_9_34.wav.not.mat,s,8266.03174603175,8337.64172335601
R402_43362.25774400_9_19_7_9_34.wav.not.mat,s,8445.21541950113,8501.24716553288
R402_43362.25774400_9_19_7_9_34.wav.not.mat,s,8557.95918367347,8615.17006802721
R402_43362.25774400_9_19_7_9_34.wav.not.mat,s,8633.15192743764,8810.65759637188
R402_43362.25774400_9_19_7_9_34.wav.not.mat,s,8825.80498866213,8932.29024943311
R402_43362.25774400_9_19_7_9_34.wav.not.mat,s,8972.1768707483,9071.72335600907
R402_43362.25774400_9_19_7_9_34.wav.not.mat,s,9091.90476190476,9267.95918367347
R402_43362.25774400_9_19_7_9_34.wav.not.mat,s,9398.54875283447,9450.11337868481
R402_43362.25774400_9_19_7_9_34.wav.not.mat,s,9499.27437641723,9546.80272108844
R402_43362.25774400_9_19_7_9_34.wav.not.mat,s,9597.18820861678,9655.26077097506
R402_43362.25774400_9_19_7_9_34.wav.not.mat,s,9674.80725623583,9855.3514739229
R402_43362.25774400_9_19_7_9_34.wav.not.mat,s,9870.54421768707,9973.37868480726
R402_43362.25774400_9_19_7_9_34.wav.not.mat,s,10008.843537415,10107.5056689342
R402_43362.25774400_9_19_7_9_34.wav.not.mat,s,10123.6507936508,10305.6462585034
R402_43362.25791851_9_19_7_9_51.wav.not.mat,s,0.884353741496599,72.7664399092971
R402_43362.25791851_9_19_7_9_51.wav.not.mat,s,142.086167800454,212.993197278912
R402_43362.25791851_9_19_7_9_51.wav.not.mat,s,277.120181405896,323.696145124717
R402_43362.25791851_9_19_7_9_51.wav.not.mat,s,385.215419501134,435.102040816327
R402_43362.25791851_9_19_7_9_51.wav.not.mat,s,457.619047619048,625.827664399093
R402_43362.25791851_9_19_7_9_51.wav.not.mat,s,654.126984126984,748.208616780045
R402_43362.25791851_9_19_7_9_51.wav.not.mat,s,792.018140589569,882.947845804989
R402_43362.25791851_9_19_7_9_51.wav.not.mat,s,897.528344671202,1070.589569161
R402_43362.25791851_9_19_7_9_51.wav.not.mat,s,1783.40136054422,1847.77777777778
R402_43362.25791851_9_19_7_9_51.wav.not.mat,s,1923.12925170068,1968.59410430839
R402_43362.25791851_9_19_7_9_51.wav.not.mat,s,2026.64399092971,2084.71655328798
R402_43362.25791851_9_19_7_9_51.wav.not.mat,s,2098.52607709751,2275.55555555556
R402_43362.25791851_9_19_7_9_51.wav.not.mat,s,2298.68480725624,2398.86621315193
R402_43362.25791851_9_19_7_9_51.wav.not.mat,s,2442.08616780045,2541.54195011338
R402_43362.25791851_9_19_7_9_51.wav.not.mat,s,2555.21541950113,2728.50340136054
R402_43362.25791851_9_19_7_9_51.wav.not.mat,s,2855.26077097506,2904.92063492063
R402_43362.25791851_9_19_7_9_51.wav.not.mat,s,2952.72108843537,3005.03401360544
R402_43362.25791851_9_19_7_9_51.wav.not.mat,s,3067.27891156463,3119.72789115646
R402_43362.25791851_9_19_7_9_51.wav.not.mat,s,3146.80272108844,3316.84807256236
R402_43362.25791851_9_19_7_9_51.wav.not.mat,s,3341.40589569161,3449.20634920635
R402_43362.25791851_9_19_7_9_51.wav.not.mat,s,3486.84807256236,3582.74376417234
R402_43362.25791851_9_19_7_9_51.wav.not.mat,s,3598.77551020408,3775.6462585034
R402_43362.25791851_9_19_7_9_51.wav.not.mat,n,3885.91049831123,3906.29164776419
R402_43362.25791851_9_19_7_9_51.wav.not.mat,s,4241.76870748299,4306.50793650794
R402_43362.25791851_9_19_7_9_51.wav.not.mat,s,4376.8253968254,4420.92970521542
R402_43362.25791851_9_19_7_9_51.wav.not.mat,s,4494.28571428571,4554.96598639456
R402_43362.25791851_9_19_7_9_51.wav.not.mat,s,4573.87755102041,4748.61678004535
R402_43362.25791851_9_19_7_9_51.wav.not.mat,s,4768.34467120181,4875.41950113379
R402_43362.25807505_9_19_7_10_7.wav.not.mat,s,175.034013605442,269.886621315193
R402_43362.25807505_9_19_7_10_7.wav.not.mat,s,346.780045351474,394.671201814059
R402_43362.25807505_9_19_7_10_7.wav.not.mat,s,458.820861678005,513.333333333333
R402_43362.25807505_9_19_7_10_7.wav.not.mat,s,537.573696145125,715.192743764172
R402_43362.25807505_9_19_7_10_7.wav.not.mat,s,725.532879818594,828.934240362812
R402_43362.25807505_9_19_7_10_7.wav.not.mat,s,870.702947845805,962.358276643991
R402_43362.25807505_9_19_7_10_7.wav.not.mat,s,985.102040816327,1165.21541950113
R402_43362.25807505_9_19_7_10_7.wav.not.mat,s,1565.17006802721,1618.23129251701
R402_43362.25807505_9_19_7_10_7.wav.not.mat,s,1667.55102040816,1713.24263038549
R402_43362.25807505_9_19_7_10_7.wav.not.mat,s,1780.90702947846,1839.31972789116
R402_43362.25807505_9_19_7_10_7.wav.not.mat,s,1864.28571428571,2049.97732426304
R402_43362.25807505_9_19_7_10_7.wav.not.mat,s,2058.52607709751,2160.06802721088
R402_43362.25807505_9_19_7_10_7.wav.not.mat,s,2199.72789115646,2299.61451247166
R402_43362.25807505_9_19_7_10_7.wav.not.mat,s,2315.3514739229,2493.80952380952
R402_43362.25890356_9_19_7_11_30.wav.not.mat,s,86.0997732426304,163.492063492063
R402_43362.25890356_9_19_7_11_30.wav.not.mat,s,290.249433106576,338.979591836735
R402_43362.25890356_9_19_7_11_30.wav.not.mat,s,406.530612244898,458.321995464853
R402_43362.25890356_9_19_7_11_30.wav.not.mat,s,481.768707482993,662.993197278912
R402_43362.25890356_9_19_7_11_30.wav.not.mat,s,676.71201814059,778.004535147392
R402_43362.25890356_9_19_7_11_30.wav.not.mat,s,821.08843537415,908.095238095238
R402_43362.25890356_9_19_7_11_30.wav.not.mat,s,926.009070294785,1095.17006802721
R402_43362.25890356_9_19_7_11_30.wav.not.mat,n,1159.16100529742,1567.71414901217
R402_43362.25890356_9_19_7_11_30.wav.not.mat,s,1614.85260770975,1652.40362811791
R402_43362.25890356_9_19_7_11_30.wav.not.mat,s,1731.179138322,1793.83219954649
R402_43362.25890356_9_19_7_11_30.wav.not.mat,s,1810.97505668934,1982.63038548753
R402_43362.25890356_9_19_7_11_30.wav.not.mat,s,2004.0589569161,2104.6485260771
R402_43362.25890356_9_19_7_11_30.wav.not.mat,s,2148.61678004535,2241.47392290249
R402_43362.25890356_9_19_7_11_30.wav.not.mat,s,2253.62811791383,2426.14512471655
R402_43362.25890356_9_19_7_11_30.wav.not.mat,n,2474.94245343756,2973.6176141482
R402_43362.25890356_9_19_7_11_30.wav.not.mat,s,3006.71201814059,3083.03854875283
R402_43362.25890356_9_19_7_11_30.wav.not.mat,s,3206.19047619048,3254.73922902494
R402_43362.25890356_9_19_7_11_30.wav.not.mat,s,3313.87755102041,3375.26077097506
R402_43362.25890356_9_19_7_11_30.wav.not.mat,s,3389.81859410431,3561.99546485261
R402_43362.25890356_9_19_7_11_30.wav.not.mat,s,3583.78684807256,3687.66439909297
R402_43362.25890356_9_19_7_11_30.wav.not.mat,s,3728.73015873016,3822.90249433107
R402_43362.25890356_9_19_7_11_30.wav.not.mat,s,3841.42857142857,4014.58049886621
R402_43362.25890356_9_19_7_11_30.wav.not.mat,n,4043.06554916622,5665.26185509242
R402_43362.25959042_9_19_7_12_39.wav.not.mat,s,171.315192743764,242.562358276644
R402_43362.25959042_9_19_7_12_39.wav.not.mat,s,320,393.061224489796
R402_43362.25959042_9_19_7_12_39.wav.not.mat,s,458.004535147392,510.408163265306
R402_43362.25959042_9_19_7_12_39.wav.not.mat,s,566.462585034014,625.147392290249
R402_43362.25959042_9_19_7_12_39.wav.not.mat,s,645.691609977324,817.460317460317
R402_43362.25959042_9_19_7_12_39.wav.not.mat,s,841.678004535147,946.439909297052
R402_43362.25959042_9_19_7_12_39.wav.not.mat,s,981.700680272109,1075.14739229025
R402_43362.25959042_9_19_7_12_39.wav.not.mat,s,1086.30385487528,1257.57369614513
R402_43362.25959042_9_19_7_12_39.wav.not.mat,s,1386.91609977324,1441.76870748299
R402_43362.25959042_9_19_7_12_39.wav.not.mat,s,1485.80498866213,1543.24263038549
R402_43362.25959042_9_19_7_12_39.wav.not.mat,s,1606.28117913832,1669.25170068027
R402_43362.25959042_9_19_7_12_39.wav.not.mat,s,1681.81405895692,1860.54421768707
R402_43362.25959042_9_19_7_12_39.wav.not.mat,s,1875.62358276644,1981.8820861678
R402_43362.25959042_9_19_7_12_39.wav.not.mat,s,2022.35827664399,2122.69841269841
R402_43362.25959042_9_19_7_12_39.wav.not.mat,s,2132.51700680272,2311.90476190476
R402_43362.25959042_9_19_7_12_39.wav.not.mat,s,2691.06575963719,2760.92970521542
R402_43362.25959042_9_19_7_12_39.wav.not.mat,s,2850.77097505669,2900.38548752834
R402_43362.25959042_9_19_7_12_39.wav.not.mat,s,2951.36054421769,3005.55555555556
R402_43362.25959042_9_19_7_12_39.wav.not.mat,s,3019.7052154195,3197.14285714286
R402_43362.25959042_9_19_7_12_39.wav.not.mat,s,3221.42857142857,3321.24716553288
R402_43362.25959042_9_19_7_12_39.wav.not.mat,s,3360.56689342404,3451.02040816327
R402_43362.25959042_9_19_7_12_39.wav.not.mat,s,3463.31065759637,3640.86167800454
R402_43362.25959042_9_19_7_12_39.wav.not.mat,s,4107.64172335601,4170.65759637188
R402_43362.25959042_9_19_7_12_39.wav.not.mat,s,4221.20181405896,4277.98185941043
R402_43362.25959042_9_19_7_12_39.wav.not.mat,s,4337.77777777778,4393.01587301587
R402_43362.25959042_9_19_7_12_39.wav.not.mat,s,4403.31065759637,4584.87528344671
R402_43362.25959042_9_19_7_12_39.wav.not.mat,s,4608.97959183673,4709.68253968254
R402_43362.25959042_9_19_7_12_39.wav.not.mat,s,4755.9410430839,4852.53968253968
R402_43362.25959042_9_19_7_12_39.wav.not.mat,s,4866.48526077098,5041.67800453515
R402_43362.25982285_9_19_7_13_2.wav.not.mat,n,75.3576211663018,341.315715772298
R402_43362.25982285_9_19_7_13_2.wav.not.mat,s,376.689342403628,449.297052154195
R402_43362.25982285_9_19_7_13_2.wav.not.mat,s,524.739229024943,588.390022675737
R402_43362.25982285_9_19_7_13_2.wav.not.mat,s,667.777777777778,723.265306122449
R402_43362.25982285_9_19_7_13_2.wav.not.mat,s,783.197278911565,834.965986394558
R402_43362.25982285_9_19_7_13_2.wav.not.mat,s,854.53514739229,1028.73015873016
R402_43362.25982285_9_19_7_13_2.wav.not.mat,s,1049.63718820862,1154.85260770975
R402_43362.25982285_9_19_7_13_2.wav.not.mat,s,1194.26303854875,1284.98866213152
R402_43362.25982285_9_19_7_13_2.wav.not.mat,s,1299.02494331066,1471.2925170068
R402_43362.25982285_9_19_7_13_2.wav.not.mat,n,1565.71412693254,1744.23394385985
R402_43362.25982285_9_19_7_13_2.wav.not.mat,s,1778.820861678,1832.08616780045
R402_43362.25982285_9_19_7_13_2.wav.not.mat,s,1889.61451247166,1938.68480725624
R402_43362.25982285_9_19_7_13_2.wav.not.mat,s,1990.95238095238,2049.54648526077
R402_43362.25982285_9_19_7_13_2.wav.not.mat,s,2064.96598639456,2233.4693877551
R402_43362.25982285_9_19_7_13_2.wav.not.mat,s,2261.2925170068,2361.70068027211
R402_43362.25982285_9_19_7_13_2.wav.not.mat,s,2405.44217687075,2499.90929705215
R402_43362.25982285_9_19_7_13_2.wav.not.mat,s,2516.2358276644,2688.86621315193
R402_43362.25982285_9_19_7_13_2.wav.not.mat,s,3032.67573696145,3097.27891156463
R402_43362.25982285_9_19_7_13_2.wav.not.mat,s,3165.82766439909,3220.95238095238
R402_43362.25982285_9_19_7_13_2.wav.not.mat,s,3273.49206349206,3325.85034013605
R402_43362.25982285_9_19_7_13_2.wav.not.mat,s,3351.54195011338,3518.97959183673
R402_43362.25982285_9_19_7_13_2.wav.not.mat,s,3542.92517006803,3644.82993197279
R402_43362.25982285_9_19_7_13_2.wav.not.mat,s,3691.20181405896,3780.90702947846
R402_43362.25982285_9_19_7_13_2.wav.not.mat,s,3797.30158730159,3969.86394557823
R402_43362.25982285_9_19_7_13_2.wav.not.mat,s,4116.16780045352,4167.80045351474
R402_43362.25982285_9_19_7_13_2.wav.not.mat,s,4216.48526077098,4266.64399092971
R402_43362.25982285_9_19_7_13_2.wav.not.mat,s,4321.83673469388,4370.77097505669
R402_43362.25982285_9_19_7_13_2.wav.not.mat,s,4396.89342403628,4572.22222222222
R402_43362.25982285_9_19_7_13_2.wav.not.mat,s,4593.03854875283,4689.88662131519
R402_43362.25982285_9_19_7_13_2.wav.not.mat,s,5173.24263038549,5239.04761904762
R402_43362.25982285_9_19_7_13_2.wav.not.mat,s,5313.92290249433,5364.76190476191
R402_43362.25982285_9_19_7_13_2.wav.not.mat,s,5431.33786848073,5480.45351473923
R402_43362.25982285_9_19_7_13_2.wav.not.mat,s,5501.02040816327,5686.87074829932
R402_43362.25982285_9_19_7_13_2.wav.not.mat,s,5701.13378684807,5803.37868480726
R402_43362.25982285_9_19_7_13_2.wav.not.mat,s,5851.90476190476,5947.05215419501
R402_43362.25982285_9_19_7_13_2.wav.not.mat,s,5964.08163265306,6133.31065759637
R402_43362.25982285_9_19_7_13_2.wav.not.mat,n,6251.26456456932,11268.0357463838
R402_43362.25982285_9_19_7_13_2.wav.not.mat,s,11407.3015873016,11468.843537415
R402_43362.25982285_9_19_7_13_2.wav.not.mat,s,11536.8027210884,11602.6984126984
R402_43362.25982285_9_19_7_13_2.wav.not.mat,s,11676.1224489796,11719.1609977324
R402_43362.25982285_9_19_7_13_2.wav.not.mat,s,11777.3469387755,11827.1428571429
R402_43362.25982285_9_19_7_13_2.wav.not.mat,s,11847.052154195,12019.1836734694
R402_43362.25982285_9_19_7_13_2.wav.not.mat,s,12041.3605442177,12141.5192743764
R402_43362.25982285_9_19_7_13_2.wav.not.mat,s,12183.9455782313,12274.5578231293
R402_43362.25982285_9_19_7_13_2.wav.not.mat,s,12292.9931972789,12460.612244898
R402_43362.25982285_9_19_7_13_2.wav.not.mat,s,12620.1814058957,12674.5578231293
R402_43362.25982285_9_19_7_13_2.wav.not.mat,s,12732.3129251701,12771.3605442177
R402_43362.25982285_9_19_7_13_2.wav.not.mat,s,12832.1541950113,12891.0430839002
R402_43362.25982285_9_19_7_13_2.wav.not.mat,s,12912.7891156463,13094.6258503401
R402_43362.25982285_9_19_7_13_2.wav.not.mat,s,13102.380952381,13213.537414966
R402_43362.25982285_9_19_7_13_2.wav.not.mat,s,13253.9229024943,13348.843537415
R402_43362.25982285_9_19_7_13_2.wav.not.mat,s,13362.5623582766,13534.6031746032
R402_43362.25982285_9_19_7_13_2.wav.not.mat,s,14747.052154195,14799.1836734694
R402_43362.25982285_9_19_7_13_2.wav.not.mat,s,15040.6349206349,15083.0839002268
R402_43362.25982285_9_19_7_13_2.wav.not.mat,s,15158.6848072562,15211.2925170068
R402_43362.25982285_9_19_7_13_2.wav.not.mat,s,15239.3197278912,15412.7891156463
R402_43362.25982285_9_19_7_13_2.wav.not.mat,s,15433.7641723356,15533.3106575964
R402_43362.25982285_9_19_7_13_2.wav.not.mat,s,15573.5600907029,15668.0498866213
R402_43362.25982285_9_19_7_13_2.wav.not.mat,s,15684.8752834467,15859.5011337868
R402_43362.25982285_9_19_7_13_2.wav.not.mat,s,16853.4693877551,17040.3401360544
R402_43362.25982285_9_19_7_13_2.wav.not.mat,s,17096.9160997732,17178.3673469388
R402_43362.25982285_9_19_7_13_2.wav.not.mat,s,17282.970521542,17329.0929705215
R402_43362.25982285_9_19_7_13_2.wav.not.mat,s,17395.2380952381,17450.8616780045
R402_43362.25982285_9_19_7_13_2.wav.not.mat,s,17466.5306122449,17640.9070294785
R402_43362.25982285_9_19_7_13_2.wav.not.mat,s,17659.8639455782,17765.1473922902
R402_43362.25982285_9_19_7_13_2.wav.not.mat,s,17807.0068027211,17906.462585034
R402_43362.25982285_9_19_7_13_2.wav.not.mat,s,17926.8253968254,18097.4376417234
R402_43362.26007617_9_19_7_13_27.wav.not.mat,s,883.532704393839,911.748790794298
R402_43362.26007617_9_19_7_13_27.wav.not.mat,s,964.331065759637,1037.1201814059
R402_43362.26007617_9_19_7_13_27.wav.not.mat,s,1118.50340136054,1193.03854875283
R402_43362.26007617_9_19_7_13_27.wav.not.mat,s,1277.09750566893,1336.87074829932
R402_43362.26007617_9_19_7_13_27.wav.not.mat,s,1389.50113378685,1446.12244897959
R402_43362.26007617_9_19_7_13_27.wav.not.mat,s,1471.0912094387,1643.70726741798
R402_43362.26007617_9_19_7_13_27.wav.not.mat,s,1671.92335381844,1763.21069217286
R402_43362.26007617_9_19_7_13_27.wav.not.mat,s,1807.55102040816,1900.79365079365
R402_43362.26007617_9_19_7_13_27.wav.not.mat,s,1911.83673469388,2081.45124716553
R402_43362.26007617_9_19_7_13_27.wav.not.mat,s,2453.12925170068,2506.98412698413
R402_43362.26007617_9_19_7_13_27.wav.not.mat,s,2563.53741496599,2619.20634920635
R402_43362.26007617_9_19_7_13_27.wav.not.mat,s,2644.46712018141,2812.26757369615
R402_43362.26007617_9_19_7_13_27.wav.not.mat,s,2839.56916099773,2937.57369614513
R402_43362.26007617_9_19_7_13_27.wav.not.mat,s,2976.46258503401,3076.32653061224
R402_43362.26007617_9_19_7_13_27.wav.not.mat,s,3087.43764172336,3260.56689342404
R402_43362.26007617_9_19_7_13_27.wav.not.mat,s,3407.59637188209,3461.04308390023
R402_43362.26007617_9_19_7_13_27.wav.not.mat,s,3510.06802721088,3563.19727891156
R402_43362.26007617_9_19_7_13_27.wav.not.mat,s,3620.9977324263,3675.62358276644
R402_43362.26007617_9_19_7_13_27.wav.not.mat,s,3702.7664399093,3887.32426303855
R402_43362.26007617_9_19_7_13_27.wav.not.mat,s,3904.53514739229,4003.44671201814
R402_43362.26007617_9_19_7_13_27.wav.not.mat,s,4575.3514739229,4645.41950113379
R402_43362.26007617_9_19_7_13_27.wav.not.mat,s,5026.12244897959,5293.33333333333
R402_43362.26007617_9_19_7_13_27.wav.not.mat,s,5369.43310657597,5459.90929705215
R402_43362.26007617_9_19_7_13_27.wav.not.mat,s,5525.48752834467,5575.3514739229
R402_43362.26007617_9_19_7_13_27.wav.not.mat,s,5631.85941043084,5690.63492063492
R402_43362.26007617_9_19_7_13_27.wav.not.mat,s,5708.7074829932,5885.21541950113
R402_43362.26007617_9_19_7_13_27.wav.not.mat,s,5904.33106575964,6000.38548752834
R402_43362.26007617_9_19_7_13_27.wav.not.mat,s,6047.91383219955,6145.78231292517
R402_43362.26007617_9_19_7_13_27.wav.not.mat,s,6159.77324263039,6327.48299319728
R402_43362.26007617_9_19_7_13_27.wav.not.mat,s,6516.80272108844,6565.73696145125
R402_43362.26007617_9_19_7_13_27.wav.not.mat,s,6627.66439909297,6667.25623582766
R402_43362.26007617_9_19_7_13_27.wav.not.mat,s,6724.46712018141,6777.64172335601
R402_43362.26007617_9_19_7_13_27.wav.not.mat,s,6802.72108843537,6977.43764172336
R402_43362.26007617_9_19_7_13_27.wav.not.mat,s,7005.01133786848,7110.24943310658
R402_43362.26007617_9_19_7_13_27.wav.not.mat,s,7815.3293329771,7846.86495895409
R402_43362.26007617_9_19_7_13_27.wav.not.mat,n,7939.15556876535,11701.412802406
R402_43362.26007617_9_19_7_13_27.wav.not.mat,s,11794.3764172336,11861.0430839002
R402_43362.26007617_9_19_7_13_27.wav.not.mat,s,11958.6167800454,12030.7709750567
R402_43362.26007617_9_19_7_13_27.wav.not.mat,s,12132.1768707483,12185.0113378685
R402_43362.26007617_9_19_7_13_27.wav.not.mat,s,12247.0068027211,12296.8934240363
R402_43362.26007617_9_19_7_13_27.wav.not.mat,s,12321.156462585,12490.7482993197
R402_43362.26007617_9_19_7_13_27.wav.not.mat,s,12511.5646258503,12615.2607709751
R402_43362.26007617_9_19_7_13_27.wav.not.mat,s,12659.0929705215,12755.7369614512
R402_43362.26007617_9_19_7_13_27.wav.not.mat,s,12770.589569161,12935.9863945578
R402_43362.26007617_9_19_7_13_27.wav.not.mat,s,13748.6621315193,13781.3151927438
R402_43362.26007617_9_19_7_13_27.wav.not.mat,s,13787.2335600907,13837.8911564626
R402_43362.26007617_9_19_7_13_27.wav.not.mat,s,13982.4716553288,14026.5532879819
R402_43362.26007617_9_19_7_13_27.wav.not.mat,s,14089.3424036281,14141.6326530612
R402_43362.26007617_9_19_7_13_27.wav.not.mat,s,14166.3945578231,14340.4535147392
R402_43362.26007617_9_19_7_13_27.wav.not.mat,s,14355.4421768707,14459.977324263
R402_43362.26007617_9_19_7_13_27.wav.not.mat,s,14499.8412698413,14590.8616780045
R402_43362.26007617_9_19_7_13_27.wav.not.mat,s,14607.3242630386,14778.6167800454
R402_43362.26007617_9_19_7_13_27.wav.not.mat,s,15623.6040083228,15643.521245782
R402_43362.26007617_9_19_7_13_27.wav.not.mat,s,15877.8458049887,15961.0657596372
R402_43362.26007617_9_19_7_13_27.wav.not.mat,s,16053.3333333333,16090.1814058957
R402_43362.26007617_9_19_7_13_27.wav.not.mat,s,16154.3537414966,16210.5215419501
R402_43362.26007617_9_19_7_13_27.wav.not.mat,s,16235.8276643991,16405.4195011338
R402_43362.26007617_9_19_7_13_27.wav.not.mat,s,16430.566893424,16534.3990929705
R402_43362.26007617_9_19_7_13_27.wav.not.mat,s,16579.5011337868,16665.6462585034
R402_43362.26007617_9_19_7_13_27.wav.not.mat,s,16681.79138322,16850.9977324263
R402_43362.26026876_9_19_7_13_46.wav.not.mat,s,241.40589569161,305.46485260771
R402_43362.26026876_9_19_7_13_46.wav.not.mat,s,398.798185941043,469.160997732426
R402_43362.26026876_9_19_7_13_46.wav.not.mat,s,573.764172335601,628.1179138322
R402_43362.26026876_9_19_7_13_46.wav.not.mat,s,688.59410430839,742.176870748299
R402_43362.26026876_9_19_7_13_46.wav.not.mat,s,760.045351473923,934.557823129252
R402_43362.26026876_9_19_7_13_46.wav.not.mat,s,958.480725623583,1061.74603174603
R402_43362.26026876_9_19_7_13_46.wav.not.mat,s,1098.73015873016,1199.09297052154
R402_43362.26026876_9_19_7_13_46.wav.not.mat,s,1218.02721088435,1383.40136054422
R402_43362.26026876_9_19_7_13_46.wav.not.mat,s,2040.86167800454,2101.90476190476
R402_43362.26026876_9_19_7_13_46.wav.not.mat,s,2171.49659863946,2234.73922902494
R402_43362.26026876_9_19_7_13_46.wav.not.mat,s,2303.49206349206,2361.24716553288
R402_43362.26026876_9_19_7_13_46.wav.not.mat,s,2381.08843537415,2554.14965986395
R402_43362.26026876_9_19_7_13_46.wav.not.mat,s,2578.27664399093,2671.40589569161
R402_43362.26026876_9_19_7_13_46.wav.not.mat,s,2715.6462585034,2808.23129251701
R402_43362.26026876_9_19_7_13_46.wav.not.mat,s,2823.28798185941,2998.97959183673
R402_43362.26026876_9_19_7_13_46.wav.not.mat,s,3398.25396825397,3442.38095238095
R402_43362.26026876_9_19_7_13_46.wav.not.mat,s,3761.40589569161,3817.5283446712
R402_43362.26026876_9_19_7_13_46.wav.not.mat,s,3954.51247165533,4011.02040816327
R402_43362.26026876_9_19_7_13_46.wav.not.mat,s,4068.54875283447,4126.34920634921
R402_43362.26026876_9_19_7_13_46.wav.not.mat,s,4141.65532879819,4319.63718820862
R402_43362.26026876_9_19_7_13_46.wav.not.mat,s,4346.09977324263,4448.68480725624
R402_43362.26026876_9_19_7_13_46.wav.not.mat,s,4490.11337868481,4583.10657596372
R402_43362.26026876_9_19_7_13_46.wav.not.mat,s,4601.15646258503,4766.34920634921
R402_43362.26026876_9_19_7_13_46.wav.not.mat,n,5695.23002120954,5743.76074314244
R402_43362.26026876_9_19_7_13_46.wav.not.mat,n,5881.97712703517,15042.5842018879
R402_43362.26026876_9_19_7_13_46.wav.not.mat,n,15213.4693877551,15253.3560090703
R402_43362.26026876_9_19_7_13_46.wav.not.mat,s,15455.1020408163,15519.7732426304
R402_43362.26026876_9_19_7_13_46.wav.not.mat,s,15585.2380952381,15658.5714285714
R402_43362.26026876_9_19_7_13_46.wav.not.mat,s,15748.5487528345,15806.5532879819
R402_43362.26026876_9_19_7_13_46.wav.not.mat,s,15867.3922902494,15922.6303854875
R402_43362.26026876_9_19_7_13_46.wav.not.mat,s,15940.9523809524,16117.4149659864
R402_43362.26026876_9_19_7_13_46.wav.not.mat,s,16128.4353741497,16233.9682539683
R402_43362.26026876_9_19_7_13_46.wav.not.mat,s,16274.3537414966,16375.1927437642
R402_43362.26026876_9_19_7_13_46.wav.not.mat,s,16387.9818594104,16555.2380952381
R402_43362.26026876_9_19_7_13_46.wav.not.mat,s,17888.5941043084,18150.5442176871
R402_43362.26026876_9_19_7_13_46.wav.not.mat,s,18232.6984126984,18311.3151927438
R402_43362.26026876_9_19_7_13_46.wav.not.mat,s,18437.7097505669,18488.9569160998
R402_43362.26026876_9_19_7_13_46.wav.not.mat,s,18543.7868480726,18597.7097505669
R402_43362.26026876_9_19_7_13_46.wav.not.mat,s,18622.2902494331,18786.2811791383
R402_43362.26026876_9_19_7_13_46.wav.not.mat,s,18812.8344671202,18915.283446712
R402_43362.26026876_9_19_7_13_46.wav.not.mat,s,18957.9138321995,19048.8888888889
R402_43362.26026876_9_19_7_13_46.wav.not.mat,s,19066.0544217687,19235.3968253968
R402_43362.26098966_9_19_7_14_58.wav.not.mat,s,186.349206349206,257.18820861678
R402_43362.26098966_9_19_7_14_58.wav.not.mat,s,348.299319727891,411.950113378685
R402_43362.26098966_9_19_7_14_58.wav.not.mat,s,519.637188208617,558.321995464853
R402_43362.26098966_9_19_7_14_58.wav.not.mat,s,638.888888888889,696.031746031746
R402_43362.26098966_9_19_7_14_58.wav.not.mat,s,709.433106575964,886.09977324263
R402_43362.26098966_9_19_7_14_58.wav.not.mat,s,900.362811791383,1002.49433106576
R402_43362.26098966_9_19_7_14_58.wav.not.mat,s,1574.17233560091,1649.52380952381
R402_43362.26098966_9_19_7_14_58.wav.not.mat,s,1710.22675736961,1765.03401360544
R402_43362.26098966_9_19_7_14_58.wav.not.mat,s,1823.4693877551,1882.60770975057
R402_43362.26098966_9_19_7_14_58.wav.not.mat,s,1898.75283446712,2066.64399092971
R402_43362.26098966_9_19_7_14_58.wav.not.mat,s,2092.06349206349,2194.89795918367
R402_43362.26098966_9_19_7_14_58.wav.not.mat,s,2239.27437641723,2337.95918367347
R402_43362.26098966_9_19_7_14_58.wav.not.mat,s,2345.39682539683,2519.25170068027
R402_43362.26098966_9_19_7_14_58.wav.not.mat,s,3332.69841269841,3401.85941043084
R402_43362.26098966_9_19_7_14_58.wav.not.mat,s,3501.22448979592,3543.65079365079
R402_43362.26098966_9_19_7_14_58.wav.not.mat,s,3609.410430839,3666.5306122449
R402_43362.26098966_9_19_7_14_58.wav.not.mat,s,3686.62131519274,3864.69387755102
R402_43362.26098966_9_19_7_14_58.wav.not.mat,s,3880.13605442177,3983.1746031746
R402_43362.26098966_9_19_7_14_58.wav.not.mat,s,4022.40362811791,4115.9410430839
R402_43362.26098966_9_19_7_14_58.wav.not.mat,s,4130.40816326531,4300.79365079365
R402_43362.26098966_9_19_7_14_58.wav.not.mat,s,4675.01133786848,4943.80952380952
R402_43362.26098966_9_19_7_14_58.wav.not.mat,s,5006.50793650794,5103.67346938776
R402_43362.26098966_9_19_7_14_58.wav.not.mat,s,5201.99546485261,5245.17006802721
R402_43362.26098966_9_19_7_14_58.wav.not.mat,s,5298.88888888889,5360.34013605442
R402_43362.26098966_9_19_7_14_58.wav.not.mat,s,5382.15419501134,5557.14285714286
R402_43362.26098966_9_19_7_14_58.wav.not.mat,s,5572.04081632653,5675.19274376417
R402_43362.26098966_9_19_7_14_58.wav.not.mat,s,5721.63265306122,5816.21315192744
R402_43362.26098966_9_19_7_14_58.wav.not.mat,s,5831.92743764172,6014.14965986395
R402_43362.26118364_9_19_7_15_18.wav.not.mat,s,128.027210884354,198.979591836735
R402_43362.26118364_9_19_7_15_18.wav.not.mat,n,283.879118720633,329.112424480885
R402_43362.26118364_9_19_7_15_18.wav.not.mat,s,345.895691609977,392.448979591837
R402_43362.26118364_9_19_7_15_18.wav.not.mat,s,458.163265306123,511.315192743764
R402_43362.26118364_9_19_7_15_18.wav.not.mat,s,530.566893424036,705.714285714286
R402_43362.26118364_9_19_7_15_18.wav.not.mat,s,724.965986394558,823.764172335601
R402_43362.26118364_9_19_7_15_18.wav.not.mat,s,865.079365079365,956.054421768707
R402_43362.26118364_9_19_7_15_18.wav.not.mat,s,973.764172335601,1138.1179138322
R402_43362.26200227_9_19_7_16_40.wav.not.mat,s,324.988662131519,405.578231292517
R402_43362.26200227_9_19_7_16_40.wav.not.mat,s,522.380952380952,600.113378684807
R402_43362.26200227_9_19_7_16_40.wav.not.mat,s,783.219954648526,845.555555555556
R402_43362.26200227_9_19_7_16_40.wav.not.mat,s,890.566893424036,945.600907029478
R402_43362.26200227_9_19_7_16_40.wav.not.mat,s,963.990929705216,1149.07029478458
R402_43362.26200227_9_19_7_16_40.wav.not.mat,s,1156.21315192744,1260.63492063492
R402_43362.26200227_9_19_7_16_40.wav.not.mat,s,1305.78231292517,1398.7074829932
R402_43362.26200227_9_19_7_16_40.wav.not.mat,s,1409.65986394558,1578.68480725624
R402_43362.26200227_9_19_7_16_40.wav.not.mat,s,2194.03628117914,2269.72789115646
R402_43362.26200227_9_19_7_16_40.wav.not.mat,s,2341.20181405896,2388.61678004535
R402_43362.26200227_9_19_7_16_40.wav.not.mat,s,2454.21768707483,2506.9387755102
R402_43362.26200227_9_19_7_16_40.wav.not.mat,s,2523.67346938775,2702.04081632653
R402_43362.26200227_9_19_7_16_40.wav.not.mat,s,2722.99319727891,2826.5306122449
R402_43362.26200227_9_19_7_16_40.wav.not.mat,s,2868.77551020408,2962.65306122449
R402_43362.26200227_9_19_7_16_40.wav.not.mat,s,2980.43083900227,3148.32199546485
R402_43362.26200227_9_19_7_16_40.wav.not.mat,n,4534.92351231394,4572.8471425349
R402_43362.26200227_9_19_7_16_40.wav.not.mat,s,4849.0022675737,4929.95464852608
R402_43362.26200227_9_19_7_16_40.wav.not.mat,s,5002.83446712018,5075.53287981859
R402_43362.26200227_9_19_7_16_40.wav.not.mat,s,5128.97959183673,5175.41950113379
R402_43362.26200227_9_19_7_16_40.wav.not.mat,s,5233.80952380952,5284.67120181406
R402_43362.26200227_9_19_7_16_40.wav.not.mat,s,5315.0566893424,5482.08616780045
R402_43362.26200227_9_19_7_16_40.wav.not.mat,s,5507.16553287982,5607.73242630385
R402_43362.26200227_9_19_7_16_40.wav.not.mat,s,5650.38548752835,5747.59637188209
R402_43362.26200227_9_19_7_16_40.wav.not.mat,s,5764.53514739229,5936.05442176871
R402_43362.26200227_9_19_7_16_40.wav.not.mat,n,7127.06798357679,7164.99161379775
R402_43362.26200227_9_19_7_16_40.wav.not.mat,n,7542.76931484499,7504.84568462403
R402_43362.26200227_9_19_7_16_40.wav.not.mat,n,7557.14285714286,7602.42630385488
R402_43362.26200227_9_19_7_16_40.wav.not.mat,n,8535.01282604616,8692.54175157938
R402_43362.26200227_9_19_7_16_40.wav.not.mat,s,8766.6439909297,9010.02267573696
R402_43362.26200227_9_19_7_16_40.wav.not.mat,s,9585.6462585034,9651.63265306122
R402_43362.26200227_9_19_7_16_40.wav.not.mat,s,9734.44444444444,9789.20634920635
R402_43362.26200227_9_19_7_16_40.wav.not.mat,s,9841.42857142857,9902.87981859411
R402_43362.26200227_9_19_7_16_40.wav.not.mat,s,9917.64172335601,10096.7120181406
R402_43362.26200227_9_19_7_16_40.wav.not.mat,s,10109.4784580499,10215.7369614512
R402_43362.26200227_9_19_7_16_40.wav.not.mat,s,10254.9886621315,10348.1632653061
R402_43362.26200227_9_19_7_16_40.wav.not.mat,s,10363.4240362812,10539.8866213152
R402_43362.26234109_9_19_7_17_14.wav.not.mat,n,114.223587016462,172.24674125453
R402_43362.26234109_9_19_7_17_14.wav.not.mat,s,266.621315192744,335.374149659864
R402_43362.26234109_9_19_7_17_14.wav.not.mat,s,409.750566893424,481.791383219955
R402_43362.26234109_9_19_7_17_14.wav.not.mat,s,582.517006802721,631.972789115646
R402_43362.26234109_9_19_7_17_14.wav.not.mat,s,690.47619047619,752.698412698413
R402_43362.26234109_9_19_7_17_14.wav.not.mat,s,762.063492063492,935.873015873016
R402_43362.26234109_9_19_7_17_14.wav.not.mat,s,956.25850340136,1058.23129251701
R402_43362.26234109_9_19_7_17_14.wav.not.mat,s,1103.33333333333,1192.53968253968
R402_43362.26234109_9_19_7_17_14.wav.not.mat,s,1207.84580498866,1374.01360544218
R402_43362.26242807_9_19_7_17_22.wav.not.mat,s,629.229024943311,704.013605442177
R402_43362.26242807_9_19_7_17_22.wav.not.mat,s,777.142857142857,820.839002267574
R402_43362.26242807_9_19_7_17_22.wav.not.mat,s,879.818594104308,932.018140589569
R402_43362.26242807_9_19_7_17_22.wav.not.mat,s,954.761904761905,1132.10884353741
R402_43362.26242807_9_19_7_17_22.wav.not.mat,s,1147.59637188209,1251.60997732426
R402_43362.26242807_9_19_7_17_22.wav.not.mat,s,1288.7074829932,1389.59183673469
R402_43362.26242807_9_19_7_17_22.wav.not.mat,s,1396.09977324263,1565.73696145125
R402_43362.26242807_9_19_7_17_22.wav.not.mat,s,2115.60090702948,2186.87074829932
R402_43362.26242807_9_19_7_17_22.wav.not.mat,s,2289.90929705215,2344.53514739229
R402_43362.26242807_9_19_7_17_22.wav.not.mat,s,2397.43764172336,2460.02267573696
R402_43362.26242807_9_19_7_17_22.wav.not.mat,s,2473.49206349206,2656.16780045352
R402_43362.26242807_9_19_7_17_22.wav.not.mat,s,2666.96145124717,2776.50793650794
R402_43362.26242807_9_19_7_17_22.wav.not.mat,s,2811.51927437642,2905.01133786848
R402_43362.26242807_9_19_7_17_22.wav.not.mat,s,2918.43537414966,3089.61451247166
R402_43362.26323668_9_19_7_18_43.wav.not.mat,s,128.662131519274,194.331065759637
R402_43362.26323668_9_19_7_18_43.wav.not.mat,s,275.487528344671,356.621315192744
R402_43362.26323668_9_19_7_18_43.wav.not.mat,s,421.292517006803,473.310657596372
R402_43362.26323668_9_19_7_18_43.wav.not.mat,s,540.521541950113,582.766439909297
R402_43362.26323668_9_19_7_18_43.wav.not.mat,s,608.412698412698,773.219954648526
R402_43362.26323668_9_19_7_18_43.wav.not.mat,s,807.959183673469,908.662131519274
R402_43362.26323668_9_19_7_18_43.wav.not.mat,s,953.786848072562,1039.09297052154
R402_43362.26323668_9_19_7_18_43.wav.not.mat,s,1060.49886621315,1232.4716553288
R402_43362.26552528_9_19_7_22_32.wav.not.mat,s,103.929412247319,131.475210960194
R402_43362.26552528_9_19_7_22_32.wav.not.mat,s,202.448979591837,262.154195011338
R402_43362.26552528_9_19_7_22_32.wav.not.mat,s,662.040816326531,728.321995464853
R402_43362.26552528_9_19_7_22_32.wav.not.mat,s,867.369614512472,937.823129251701
R402_43362.26552528_9_19_7_22_32.wav.not.mat,s,1035.80498866213,1104.0589569161
R402_43362.26552528_9_19_7_22_32.wav.not.mat,s,1212.1768707483,1273.10657596372
R402_43362.26552528_9_19_7_22_32.wav.not.mat,s,1325.89569160998,1380.61224489796
R402_43362.26552528_9_19_7_22_32.wav.not.mat,s,1401.13378684807,1570.52154195011
R402_43362.26552528_9_19_7_22_32.wav.not.mat,s,1905.82766439909,1977.57369614512
R402_43362.26552528_9_19_7_22_32.wav.not.mat,s,2043.67346938775,2100
R402_43362.26552528_9_19_7_22_32.wav.not.mat,s,2159.36507936508,2214.01360544218
R402_43362.26552528_9_19_7_22_32.wav.not.mat,s,2233.2382139782,2419.1723552901
R402_43362.26552528_9_19_7_22_32.wav.not.mat,s,2427.20654658136,2516.7303923982
R402_43362.26552528_9_19_7_22_32.wav.not.mat,s,2568.7074829932,2668.16326530612
R402_43362.26552528_9_19_7_22_32.wav.not.mat,s,2684.01360544218,2852.15419501134
R402_43362.26552528_9_19_7_22_32.wav.not.mat,s,3517.89115646259,3580.97505668934
R402_43362.26552528_9_19_7_22_32.wav.not.mat,s,3717.66439909297,3767.59637188209
R402_43362.26552528_9_19_7_22_32.wav.not.mat,s,3825.30612244898,3881.36054421769
R402_43362.26552528_9_19_7_22_32.wav.not.mat,s,3903.69614512472,4081.45124716553
R402_43362.26552528_9_19_7_22_32.wav.not.mat,s,4099.04761904762,4201.45124716553
R402_43362.26552528_9_19_7_22_32.wav.not.mat,s,4243.60544217687,4337.59637188209
R402_43362.26552528_9_19_7_22_32.wav.not.mat,s,4359.50113378685,4531.15646258503
R402_43362.26552528_9_19_7_22_32.wav.not.mat,s,5491.24716553288,5554.33106575964
R402_43362.26552528_9_19_7_22_32.wav.not.mat,s,5696.8253968254,5754.42176870748
R402_43362.26552528_9_19_7_22_32.wav.not.mat,s,5814.60317460318,5871.31519274376
R402_43362.26552528_9_19_7_22_32.wav.not.mat,s,5889.25170068027,6069.68253968254
R402_43362.26552528_9_19_7_22_32.wav.not.mat,s,6087.95918367347,6190.31746031746
R402_43362.26552528_9_19_7_22_32.wav.not.mat,s,6229.77324263039,6327.55102040816
R402_43362.26552528_9_19_7_22_32.wav.not.mat,s,6340.06802721088,6518.23129251701
R402_43362.26552528_9_19_7_22_32.wav.not.mat,s,7352.97052154195,7414.82993197279
R402_43362.26552528_9_19_7_22_32.wav.not.mat,s,7543.37868480726,7606.84807256236
R402_43362.26552528_9_19_7_22_32.wav.not.mat,s,7660.95238095238,7711.31519274376
R402_43362.26552528_9_19_7_22_32.wav.not.mat,s,7775.62358276644,7834.87528344671
R402_43362.26552528_9_19_7_22_32.wav.not.mat,s,7849.16099773243,8030.81632653061
R402_43362.26552528_9_19_7_22_32.wav.not.mat,s,8050.7029478458,8159.16099773243
R402_43362.26552528_9_19_7_22_32.wav.not.mat,s,8190.22675736962,8284.71655328798
R402_43362.26552528_9_19_7_22_32.wav.not.mat,s,8295.53287981859,8465.39682539683
R402_43362.26604948_9_19_7_23_24.wav.not.mat,s,0.476190476190476,72.8344671201814
R402_43362.26604948_9_19_7_23_24.wav.not.mat,s,187.891156462585,260.498866213152
R402_43362.26604948_9_19_7_23_24.wav.not.mat,s,332.108843537415,387.50566893424
R402_43362.26604948_9_19_7_23_24.wav.not.mat,s,461.40589569161,518.59410430839
R402_43362.26604948_9_19_7_23_24.wav.not.mat,s,538.231292517007,716.417233560091
R402_43362.26604948_9_19_7_23_24.wav.not.mat,s,731.904761904762,833.514739229025
R402_43362.26604948_9_19_7_23_24.wav.not.mat,s,879.954648526077,973.605442176871
R402_43362.26604948_9_19_7_23_24.wav.not.mat,s,987.414965986395,1158.7074829932
R402_43362.26604948_9_19_7_23_24.wav.not.mat,s,1451.33786848073,1510.38548752834
R402_43362.26604948_9_19_7_23_24.wav.not.mat,s,1570,1627.64172335601
R402_43362.26604948_9_19_7_23_24.wav.not.mat,s,1684.53514739229,1732.74376417234
R402_43362.26604948_9_19_7_23_24.wav.not.mat,s,1757.8231292517,1934.51247165533
R402_43362.26604948_9_19_7_23_24.wav.not.mat,s,1957.1201814059,2055.12471655329
R402_43362.26604948_9_19_7_23_24.wav.not.mat,s,2105.37414965986,2199.16099773243
R402_43362.26604948_9_19_7_23_24.wav.not.mat,s,2216.71201814059,2386.8253968254
R402_43362.26611849_9_19_7_23_31.wav.not.mat,s,165.600907029478,239.229024943311
R402_43362.26611849_9_19_7_23_31.wav.not.mat,s,324.399092970522,401.859410430839
R402_43362.26611849_9_19_7_23_31.wav.not.mat,s,496.371882086168,568.571428571429
R402_43362.26611849_9_19_7_23_31.wav.not.mat,s,646.077097505669,693.832199546485
R402_43362.26611849_9_19_7_23_31.wav.not.mat,s,741.451247165533,808.379635363266
R402_43362.26611849_9_19_7_23_31.wav.not.mat,s,827.877660043903,994.497143678435
R402_43362.26611849_9_19_7_23_31.wav.not.mat,s,1021.08535915203,1116.80293485698
R402_43362.26611849_9_19_7_23_31.wav.not.mat,s,1164.28571428571,1258.39002267574
R402_43362.26611849_9_19_7_23_31.wav.not.mat,s,1274.46712018141,1443.10657596372
R402_43362.26611849_9_19_7_23_31.wav.not.mat,s,2060.52154195011,2128.59410430839
R402_43362.26611849_9_19_7_23_31.wav.not.mat,n,2188.34385082759,2257.47321105893
R402_43362.26611849_9_19_7_23_31.wav.not.mat,s,2375.4395256409,2309.85526080603
R402_43362.26611849_9_19_7_23_31.wav.not.mat,s,2431.08843537415,2483.67346938775
R402_43362.26611849_9_19_7_23_31.wav.not.mat,s,2504.03628117914,2680.65759637188
R402_43362.26611849_9_19_7_23_31.wav.not.mat,s,2702.4716553288,2797.91383219955
R402_43362.26611849_9_19_7_23_31.wav.not.mat,s,2839.36507936508,2934.92063492063
R402_43362.26611849_9_19_7_23_31.wav.not.mat,s,2955.80498866213,3121.85941043084
R402_43362.26611849_9_19_7_23_31.wav.not.mat,s,5067.75510204082,5298.66213151928
R402_43362.26611849_9_19_7_23_31.wav.not.mat,n,6553.71762549309,6590.94112715612
R402_43362.26611849_9_19_7_23_31.wav.not.mat,s,6629.63718820862,6689.86394557823
R402_43362.26611849_9_19_7_23_31.wav.not.mat,s,6762.90249433107,6840.95238095238
R402_43362.26611849_9_19_7_23_31.wav.not.mat,s,6914.28571428571,6965.96371882086
R402_43362.26611849_9_19_7_23_31.wav.not.mat,s,7025.3514739229,7079.0022675737
R402_43362.26611849_9_19_7_23_31.wav.not.mat,s,7093.62811791383,7270
R402_43362.26611849_9_19_7_23_31.wav.not.mat,s,7293.44671201814,7398.820861678
R402_43362.26611849_9_19_7_23_31.wav.not.mat,s,7433.01587301587,7526.28117913832
R402_43362.26611849_9_19_7_23_31.wav.not.mat,s,7538.09523809524,7711.15646258503
R402_43362.26611849_9_19_7_23_31.wav.not.mat,s,7847.09750566893,7893.94557823129
R402_43362.26611849_9_19_7_23_31.wav.not.mat,s,7936.68934240363,7989.90929705215
R402_43362.26611849_9_19_7_23_31.wav.not.mat,s,8052.15419501134,8112.33560090703
R402_43362.26611849_9_19_7_23_31.wav.not.mat,s,8133.1853496584,8326.39304876653
R402_43362.26611849_9_19_7_23_31.wav.not.mat,s,8331.71069186125,8420.33807677324
R402_43362.26611849_9_19_7_23_31.wav.not.mat,s,8481.54195011338,8579.0022675737
R402_43362.26611849_9_19_7_23_31.wav.not.mat,s,8593.01587301587,8766.30385487528
R402_43362.26670967_9_19_7_24_30.wav.not.mat,s,138.820861678005,212.154195011338
R402_43362.26670967_9_19_7_24_30.wav.not.mat,s,322.267573696145,382.199546485261
R402_43362.26670967_9_19_7_24_30.wav.not.mat,s,464.875283446712,554.263038548753
R402_43362.26670967_9_19_7_24_30.wav.not.mat,s,594.036281179138,642.902494331066
R402_43362.26670967_9_19_7_24_30.wav.not.mat,s,703.877551020408,764.195011337868
R402_43362.26670967_9_19_7_24_30.wav.not.mat,s,781.632653061225,957.800453514739
R402_43362.26670967_9_19_7_24_30.wav.not.mat,s,979.705215419501,1085.55555555556
R402_43362.26670967_9_19_7_24_30.wav.not.mat,s,1128.57142857143,1227.75510204082
R402_43362.26670967_9_19_7_24_30.wav.not.mat,s,1240.18140589569,1404.92063492063
R402_43362.26670967_9_19_7_24_30.wav.not.mat,s,1711.2925170068,1783.10657596372
R402_43362.26670967_9_19_7_24_30.wav.not.mat,s,1843.4693877551,1897.61904761905
R402_43362.26670967_9_19_7_24_30.wav.not.mat,s,1956.91609977324,2021.22448979592
R402_43362.26670967_9_19_7_24_30.wav.not.mat,s,2037.36961451247,2222.31292517007
R402_43362.26670967_9_19_7_24_30.wav.not.mat,s,2232.83446712018,2335.9410430839
R402_43362.26670967_9_19_7_24_30.wav.not.mat,s,2385.87301587302,2485.80498866213
R402_43362.26670967_9_19_7_24_30.wav.not.mat,s,2503.78684807256,2678.57142857143
R402_43362.26670967_9_19_7_24_30.wav.not.mat,s,3000.45351473923,3066.75736961451
R402_43362.26670967_9_19_7_24_30.wav.not.mat,s,3139.95464852608,3181.79138321995
R402_43362.26670967_9_19_7_24_30.wav.not.mat,s,3253.01587301587,3311.33786848073
R402_43362.26670967_9_19_7_24_30.wav.not.mat,s,3327.00680272109,3508.1179138322
R402_43362.26670967_9_19_7_24_30.wav.not.mat,s,3526.48526077097,3634.21768707483
R402_43362.26670967_9_19_7_24_30.wav.not.mat,s,3673.60544217687,3771.76870748299
R402_43362.26670967_9_19_7_24_30.wav.not.mat,s,3785.03401360544,3966.2358276644
R402_43362.26670967_9_19_7_24_30.wav.not.mat,s,4542.90249433107,4605.19274376417
R402_43362.26670967_9_19_7_24_30.wav.not.mat,s,4719.97732426304,4774.78458049887
R402_43362.26670967_9_19_7_24_30.wav.not.mat,s,4839.04761904762,4898.79818594104
R402_43362.26670967_9_19_7_24_30.wav.not.mat,s,4920.15873015873,5096.91609977324
R402_43362.26670967_9_19_7_24_30.wav.not.mat,s,5109.84126984127,5213.33333333333
R402_43362.26670967_9_19_7_24_30.wav.not.mat,s,5255.17006802721,5349.54648526077
R402_43362.26670967_9_19_7_24_30.wav.not.mat,s,5367.43764172336,5536.80272108843
R402_43362.26670967_9_19_7_24_30.wav.not.mat,s,5855.0566893424,5906.37188208617
R402_43362.26670967_9_19_7_24_30.wav.not.mat,s,5973.01587301587,6017.14285714286
R402_43362.26670967_9_19_7_24_30.wav.not.mat,s,6070.81632653061,6132.81179138322
R402_43362.26670967_9_19_7_24_30.wav.not.mat,s,6144.98866213152,6331.11111111111
R402_43362.26670967_9_19_7_24_30.wav.not.mat,s,6345.80498866213,6446.19047619048
R402_43362.26681552_9_19_7_24_41.wav.not.mat,s,6.55328798185941,263.197278911565
R402_43362.26681552_9_19_7_24_41.wav.not.mat,s,556.371882086168,634.739229024943
R402_43362.26681552_9_19_7_24_41.wav.not.mat,s,695.736961451247,750.498866213152
R402_43362.26681552_9_19_7_24_41.wav.not.mat,s,802.448979591837,857.437641723356
R402_43362.26681552_9_19_7_24_41.wav.not.mat,s,874.331065759637,1055.91836734694
R402_43362.26681552_9_19_7_24_41.wav.not.mat,s,1071.42857142857,1174.69387755102
R402_43362.26681552_9_19_7_24_41.wav.not.mat,s,1220.79365079365,1314.80725623583
R402_43362.26681552_9_19_7_24_41.wav.not.mat,s,1327.18820861678,1502.51700680272
R402_43362.26681552_9_19_7_24_41.wav.not.mat,s,1566.07709750567,1619.79591836735
R402_43362.26681552_9_19_7_24_41.wav.not.mat,s,1676.30385487528,1732.67573696145
R402_43362.26681552_9_19_7_24_41.wav.not.mat,s,1749.56916099773,1927.73242630385
R402_43362.26681552_9_19_7_24_41.wav.not.mat,s,1957.32426303855,2056.5306122449
R402_43362.26681552_9_19_7_24_41.wav.not.mat,s,2097.93650793651,2194.24036281179
R402_43362.26681552_9_19_7_24_41.wav.not.mat,s,2209.16099773243,2388.45804988662
R402_43362.26681552_9_19_7_24_41.wav.not.mat,n,2470.00118740074,8870.39439927398
R402_43362.26681552_9_19_7_24_41.wav.not.mat,s,9003.80952380952,9079.45578231293
R402_43362.26681552_9_19_7_24_41.wav.not.mat,s,9164.6485260771,9236.2358276644
R402_43362.26681552_9_19_7_24_41.wav.not.mat,s,9402.60770975057,9460.04535147392
R402_43362.26681552_9_19_7_24_41.wav.not.mat,s,9513.44671201814,9577.5283446712
R402_43362.26681552_9_19_7_24_41.wav.not.mat,s,9589.02494331066,9772.35827664399
R402_43362.26681552_9_19_7_24_41.wav.not.mat,s,9783.71882086168,9885.26077097506
R402_43362.26681552_9_19_7_24_41.wav.not.mat,s,9924.53514739229,10023.7188208617
R402_43362.26681552_9_19_7_24_41.wav.not.mat,s,10033.4240362812,10200.589569161
R402_43362.26681552_9_19_7_24_41.wav.not.mat,s,10323.1292517007,10370.1133786848
R402_43362.26681552_9_19_7_24_41.wav.not.mat,s,10441.4058956916,10481.3378684807
R402_43362.26681552_9_19_7_24_41.wav.not.mat,s,10538.9795918367,10588.9115646258
R402_43362.26681552_9_19_7_24_41.wav.not.mat,s,10613.7414965986,10793.1972789116
R402_43362.26681552_9_19_7_24_41.wav.not.mat,s,10809.8412698413,10912.947845805
R402_43362.26681552_9_19_7_24_41.wav.not.mat,s,10958.7301587302,11046.6893424036
R402_43362.26681552_9_19_7_24_41.wav.not.mat,s,11065.7596371882,11241.0657596372
R402_43362.26681552_9_19_7_24_41.wav.not.mat,n,11362.9567722147,12545.8677288645
R402_43362.26681552_9_19_7_24_41.wav.not.mat,s,12666.0090702948,12732.1315192744
R402_43362.26681552_9_19_7_24_41.wav.not.mat,s,12845.89569161,12915.9863945578
R402_43362.26681552_9_19_7_24_41.wav.not.mat,s,12965.3741496599,13022.380952381
R402_43362.26681552_9_19_7_24_41.wav.not.mat,s,13078.1632653061,13132.8571428571
R402_43362.26681552_9_19_7_24_41.wav.not.mat,s,13152.1541950113,13332.1995464853
R402_43362.26681552_9_19_7_24_41.wav.not.mat,s,13345.283446712,13452.925170068
R402_43362.26681552_9_19_7_24_41.wav.not.mat,s,13488.5714285714,13581.1111111111
R402_43362.26681552_9_19_7_24_41.wav.not.mat,s,13597.2335600907,13770.3401360544
R402_43362.26681552_9_19_7_24_41.wav.not.mat,n,13918.889374976,18059.0777232504
R402_43362.26681552_9_19_7_24_41.wav.not.mat,s,18178.4580498866,18241.2698412698
R402_43362.26681552_9_19_7_24_41.wav.not.mat,s,18319.1156462585,18395.1020408163
R402_43362.26681552_9_19_7_24_41.wav.not.mat,s,18516.2131519274,18573.9455782313
R402_43362.26681552_9_19_7_24_41.wav.not.mat,s,18630.8616780045,18684.5578231292
R402_43362.26681552_9_19_7_24_41.wav.not.mat,s,18702.380952381,18875.873015873
R402_43362.26681552_9_19_7_24_41.wav.not.mat,s,18893.2426303855,18995.5102040816
R402_43362.26681552_9_19_7_24_41.wav.not.mat,s,19036.1904761905,19131.9954648526
R402_43362.26681552_9_19_7_24_41.wav.not.mat,s,19151.3832199546,19323.3560090703
R402_43362.26681552_9_19_7_24_41.wav.not.mat,s,19785.3968253968,19855.3514739229
R402_43362.26681552_9_19_7_24_41.wav.not.mat,s,19919.2743764172,19976.1451247166
R402_43362.26681552_9_19_7_24_41.wav.not.mat,s,20032.1088435374,20087.4376417234
R402_43362.26681552_9_19_7_24_41.wav.not.mat,s,20108.0272108844,20285.6916099773
R402_43362.26681552_9_19_7_24_41.wav.not.mat,s,20302.0634920635,20409.1836734694
R402_43362.26681552_9_19_7_24_41.wav.not.mat,s,20450.022675737,20542.1768707483
R402_43362.26681552_9_19_7_24_41.wav.not.mat,s,20559.977324263,20731.0657596372
R402_43362.27084922_9_19_7_31_24.wav.not.mat,s,108.798185941043,179.274376417234
R402_43362.27084922_9_19_7_31_24.wav.not.mat,s,271.383219954649,343.265306122449
R402_43362.27084922_9_19_7_31_24.wav.not.mat,s,566.961451247166,646.553287981859
R402_43362.27084922_9_19_7_31_24.wav.not.mat,s,753.582766439909,824.557823129252
R402_43362.27084922_9_19_7_31_24.wav.not.mat,s,875.215419501134,925.714285714286
R402_43362.27084922_9_19_7_31_24.wav.not.mat,s,987.210884353741,1046.66666666667
R402_43362.27084922_9_19_7_31_24.wav.not.mat,s,1060.74829931973,1249.07029478458
R402_43362.27084922_9_19_7_31_24.wav.not.mat,s,1264.21768707483,1364.87528344671
R402_43362.27084922_9_19_7_31_24.wav.not.mat,s,1407.68707482993,1503.21995464853
R402_43362.27084922_9_19_7_31_24.wav.not.mat,s,1517.39229024943,1691.20181405896
R402_43362.27084922_9_19_7_31_24.wav.not.mat,s,3487.30158730159,3566.9387755102
R402_43362.27084922_9_19_7_31_24.wav.not.mat,s,3687.32426303855,3740.74829931973
R402_43362.27084922_9_19_7_31_24.wav.not.mat,s,3793.40136054422,3854.69387755102
R402_43362.27084922_9_19_7_31_24.wav.not.mat,s,3876.9387755102,4056.41723356009
R402_43362.27084922_9_19_7_31_24.wav.not.mat,s,4069.88662131519,4174.85260770975
R402_43362.27084922_9_19_7_31_24.wav.not.mat,s,4211.22448979592,4310.11337868481
R402_43362.27084922_9_19_7_31_24.wav.not.mat,s,4325.57823129252,4506.09977324263
R402_43362.27234663_9_19_7_33_54.wav.not.mat,s,165.668934240363,240.657596371882
R402_43362.27234663_9_19_7_33_54.wav.not.mat,s,337.233560090703,418.208616780045
R402_43362.27234663_9_19_7_33_54.wav.not.mat,s,520.226757369615,604.104308390023
R402_43362.27234663_9_19_7_33_54.wav.not.mat,s,666.190476190476,712.585034013605
R402_43362.27234663_9_19_7_33_54.wav.not.mat,s,768.888888888889,824.126984126984
R402_43362.27234663_9_19_7_33_54.wav.not.mat,s,850.47619047619,1027.64172335601
R402_43362.27234663_9_19_7_33_54.wav.not.mat,s,1040.06802721088,1148.91156462585
R402_43362.27234663_9_19_7_33_54.wav.not.mat,s,1192.31292517007,1290.06802721088
R402_43362.27234663_9_19_7_33_54.wav.not.mat,s,1309.43310657596,1485.89569160998
R402_43362.27285798_9_19_7_34_45.wav.not.mat,s,1817.34693877551,1887.93650793651
R402_43362.27285798_9_19_7_34_45.wav.not.mat,s,2228.18594104308,2304.30839002268
R402_43362.27285798_9_19_7_34_45.wav.not.mat,s,2424.92063492063,2481.81405895692
R402_43362.27285798_9_19_7_34_45.wav.not.mat,s,2530.02267573696,2592.44897959184
R402_43362.27285798_9_19_7_34_45.wav.not.mat,s,2611.79138321995,2789.86394557823
R402_43362.27285798_9_19_7_34_45.wav.not.mat,s,2803.74149659864,2909.7052154195
R402_43362.27285798_9_19_7_34_45.wav.not.mat,s,2955.28344671202,3054.9433106576
R402_43362.27285798_9_19_7_34_45.wav.not.mat,s,3076.43990929705,3251.40589569161
R402_43362.27608742_9_19_7_40_8.wav.not.mat,s,427.437641723356,510.634920634921
R402_43362.27608742_9_19_7_40_8.wav.not.mat,s,683.469387755102,753.424036281179
R402_43362.27608742_9_19_7_40_8.wav.not.mat,s,833.378684807256,879.659863945578
R402_43362.27608742_9_19_7_40_8.wav.not.mat,s,939.818594104308,994.444444444444
R402_43362.27608742_9_19_7_40_8.wav.not.mat,s,1022.44897959184,1196.28117913832
R402_43362.27608742_9_19_7_40_8.wav.not.mat,s,1212.35827664399,1322.10884353741
R402_43362.27608742_9_19_7_40_8.wav.not.mat,s,1356.50793650794,1452.13151927438
R402_43362.27608742_9_19_7_40_8.wav.not.mat,s,1468.04988662132,1644.67120181406
R402_43362.27650933_9_19_7_40_50.wav.not.mat,s,0.226757369614512,70.702947845805
R402_43362.27650933_9_19_7_40_50.wav.not.mat,s,191.995464852608,267.755102040816
R402_43362.27650933_9_19_7_40_50.wav.not.mat,s,345.62358276644,423.764172335601
R402_43362.27650933_9_19_7_40_50.wav.not.mat,s,566.530612244898,609.138321995465
R402_43362.27650933_9_19_7_40_50.wav.not.mat,s,669.84126984127,723.832199546485
R402_43362.27650933_9_19_7_40_50.wav.not.mat,s,740.612244897959,917.868480725623
R402_43362.27650933_9_19_7_40_50.wav.not.mat,s,938.730158730159,1043.58276643991
R402_43362.27650933_9_19_7_40_50.wav.not.mat,s,1082.85714285714,1183.44671201814
R402_43362.27650933_9_19_7_40_50.wav.not.mat,s,1197.93650793651,1374.10430839002
R402_43362.27650933_9_19_7_40_50.wav.not.mat,s,2904.21768707483,2979.50113378685
R402_43362.27650933_9_19_7_40_50.wav.not.mat,s,3062.29024943311,3106.41723356009
R402_43362.27650933_9_19_7_40_50.wav.not.mat,s,3171.99546485261,3228.43537414966
R402_43362.27650933_9_19_7_40_50.wav.not.mat,s,3252.35827664399,3428.36734693878
R402_43362.27650933_9_19_7_40_50.wav.not.mat,s,3449.86394557823,3551.8820861678
R402_43362.27650933_9_19_7_40_50.wav.not.mat,s,3593.67346938776,3698.07256235828
R402_43362.27650933_9_19_7_40_50.wav.not.mat,s,3710.06802721088,3880.04535147392
R402_43362.27662389_9_19_7_41_2.wav.not.mat,s,0.430839002267574,70.2947845804989
R402_43362.27662389_9_19_7_41_2.wav.not.mat,s,160.136054421769,236.916099773243
R402_43362.27662389_9_19_7_41_2.wav.not.mat,s,359.727891156463,403.401360544218
R402_43362.27662389_9_19_7_41_2.wav.not.mat,s,457.392290249433,516.371882086168
R402_43362.27662389_9_19_7_41_2.wav.not.mat,s,537.777777777778,705.487528344671
R402_43362.27662389_9_19_7_41_2.wav.not.mat,s,728.208616780045,833.038548752834
R402_43362.27662389_9_19_7_41_2.wav.not.mat,s,878.072562358277,974.421768707483
R402_43362.27662389_9_19_7_41_2.wav.not.mat,s,992.154195011338,1166.03174603175
R402_43362.27675411_9_19_7_41_15.wav.not.mat,s,0.18140589569161,53.1972789115646
R402_43362.27675411_9_19_7_41_15.wav.not.mat,s,136.303854875283,188.979591836735
R402_43362.27675411_9_19_7_41_15.wav.not.mat,s,250,307.913832199547
R402_43362.27675411_9_19_7_41_15.wav.not.mat,s,324.53514739229,490.566893424036
R402_43362.27675411_9_19_7_41_15.wav.not.mat,s,518.639455782313,621.904761904762
R402_43362.27675411_9_19_7_41_15.wav.not.mat,s,660.068027210884,761.8820861678
R402_43362.27675411_9_19_7_41_15.wav.not.mat,s,775.238095238095,950.136054421769
R402_43362.27675411_9_19_7_41_15.wav.not.mat,s,1776.73469387755,1844.87528344671
R402_43362.27675411_9_19_7_41_15.wav.not.mat,s,1969.25170068027,2020.02267573696
R402_43362.27675411_9_19_7_41_15.wav.not.mat,s,2080.52154195011,2133.83219954648
R402_43362.27675411_9_19_7_41_15.wav.not.mat,s,2149.43310657596,2325.89569160998
R402_43362.27675411_9_19_7_41_15.wav.not.mat,s,2347.86848072562,2448.45804988662
R402_43362.27675411_9_19_7_41_15.wav.not.mat,s,2492.31292517007,2591.38321995465
R402_43362.27675411_9_19_7_41_15.wav.not.mat,s,2605.44217687075,2779.22902494331
R402_43362.27701153_9_19_7_41_41.wav.not.mat,s,0.226757369614512,69.4557823129252
R402_43362.27701153_9_19_7_41_41.wav.not.mat,s,145.873015873016,221.224489795918
R402_43362.27701153_9_19_7_41_41.wav.not.mat,s,284.081632653061,334.172335600907
R402_43362.27701153_9_19_7_41_41.wav.not.mat,s,387.369614512472,452.65306122449
R402_43362.27701153_9_19_7_41_41.wav.not.mat,s,471.8820861678,654.240362811791
R402_43362.27701153_9_19_7_41_41.wav.not.mat,s,667.142857142857,774.875283446712
R402_43362.27701153_9_19_7_41_41.wav.not.mat,s,815.873015873016,914.53514739229
R402_43362.27701153_9_19_7_41_41.wav.not.mat,s,924.21768707483,1102.51700680272
R402_43362.27701153_9_19_7_41_41.wav.not.mat,s,1237.64172335601,1296.19047619048
R402_43362.27701153_9_19_7_41_41.wav.not.mat,s,1338.48072562358,1387.91383219955
R402_43362.27701153_9_19_7_41_41.wav.not.mat,s,1442.8798185941,1500.77097505669
R402_43362.27701153_9_19_7_41_41.wav.not.mat,s,1521.81405895692,1706.50793650794
R402_43362.27701153_9_19_7_41_41.wav.not.mat,s,1722.51700680272,1830.72562358277
R402_43362.27701153_9_19_7_41_41.wav.not.mat,s,1870.81632653061,1969.88662131519
R402_43362.27701153_9_19_7_41_41.wav.not.mat,s,1985.78231292517,2157.48299319728
R402_43362.27701153_9_19_7_41_41.wav.not.mat,s,2701.49659863946,2780.40816326531
R402_43362.27701153_9_19_7_41_41.wav.not.mat,s,2896.28117913832,2952.13151927438
R402_43362.27701153_9_19_7_41_41.wav.not.mat,s,3012.29024943311,3067.8231292517
R402_43362.27701153_9_19_7_41_41.wav.not.mat,s,3094.08163265306,3266.09977324263
R402_43362.27701153_9_19_7_41_41.wav.not.mat,s,3291.95011337868,3397.36961451247
R402_43362.27701153_9_19_7_41_41.wav.not.mat,s,3440.15873015873,3529.45578231293
R402_43362.27701153_9_19_7_41_41.wav.not.mat,s,3546.19047619048,3720.20408163265
R402_43362.27735299_9_19_7_42_15.wav.not.mat,s,0.0453514739229025,67.2562358276644
R402_43362.27735299_9_19_7_42_15.wav.not.mat,s,151.40589569161,228.798185941043
R402_43362.27735299_9_19_7_42_15.wav.not.mat,s,315.328798185941,365.714285714286
R402_43362.27735299_9_19_7_42_15.wav.not.mat,s,428.253968253968,478.888888888889
R402_43362.27735299_9_19_7_42_15.wav.not.mat,s,505.283446712018,683.446712018141
R402_43362.27735299_9_19_7_42_15.wav.not.mat,s,700.204081632653,806.916099773243
R402_43362.27735299_9_19_7_42_15.wav.not.mat,s,843.560090702948,944.580498866214
R402_43362.27735299_9_19_7_42_15.wav.not.mat,s,957.392290249433,1128.57142857143
R402_43362.27735299_9_19_7_42_15.wav.not.mat,s,1266.00907029478,1318.23129251701
R402_43362.27735299_9_19_7_42_15.wav.not.mat,s,1372.19954648526,1423.01587301587
R402_43362.27735299_9_19_7_42_15.wav.not.mat,s,1481.67800453515,1534.48979591837
R402_43362.27735299_9_19_7_42_15.wav.not.mat,s,1560.43083900227,1734.48979591837
R402_43362.27735299_9_19_7_42_15.wav.not.mat,s,1758.25396825397,1863.12925170068
R402_43362.27735299_9_19_7_42_15.wav.not.mat,s,1906.50793650794,1993.24263038549
R402_43362.27735299_9_19_7_42_15.wav.not.mat,s,2015.19274376417,2195.75963718821
R402_43362.27735299_9_19_7_42_15.wav.not.mat,s,3911.11111111111,3982.97052154195
R402_43362.27735299_9_19_7_42_15.wav.not.mat,s,4064.7619047619,4112.1768707483
R402_43362.27735299_9_19_7_42_15.wav.not.mat,s,4171.20181405896,4225.51020408163
R402_43362.27735299_9_19_7_42_15.wav.not.mat,s,4251.56462585034,4420.54421768707
R402_43362.27735299_9_19_7_42_15.wav.not.mat,s,4443.40136054422,4547.16553287982
R402_43362.27735299_9_19_7_42_15.wav.not.mat,s,4586.55328798186,4688.36734693878
R402_43362.27735299_9_19_7_42_15.wav.not.mat,s,4696.89342403628,4867.1201814059
R402_43362.27735299_9_19_7_42_15.wav.not.mat,s,4993.99092970522,5042.5850340136
R402_43362.27735299_9_19_7_42_15.wav.not.mat,s,5105.46485260771,5154.67120181406
R402_43362.27735299_9_19_7_42_15.wav.not.mat,s,5212.67573696145,5265.82766439909
R402_43362.27735299_9_19_7_42_15.wav.not.mat,s,5285.60090702948,5462.33560090703
R402_43362.27735299_9_19_7_42_15.wav.not.mat,s,5486.16780045352,5590.81632653061
R402_43362.27735299_9_19_7_42_15.wav.not.mat,s,5646.05442176871,5740.79365079365
R402_43362.27735299_9_19_7_42_15.wav.not.mat,s,5758.4126984127,5934.69387755102
